parcel_id,tx_date,declared_price,share_sold,year_built,area_m2,rooms,price,price_per_m2,year,month,city_en,property_type_en
018990-0208-012-00,2025-09-25,1083879,1.0,2028,120,5.0,1083879,9032.325,2025,2025-09-01,Karmiel,Apartment in building
018990-0208-007-00,2025-09-25,1129194,1.0,2028,128,5.0,1129194,8821.828125,2025,2025-09-01,Karmiel,Apartment in building
018990-0208-007-00,2025-09-25,1224720,1.0,2028,127,5.0,1224720,9643.464566929133,2025,2025-09-01,Karmiel,Apartment in building
018990-0208-002-00,2025-09-25,1220791,1.0,2028,128,5.0,1220791,9537.4296875,2025,2025-09-01,Karmiel,Apartment in building
019872-0014-023-00,2025-09-29,1620000,1.0,1999,155,5.0,1620000,10451.612903225807,2025,2025-09-01,Karmiel,Apartment in building
021176-0042-014-00,2025-09-29,1970000,1.0,2028,114,4.0,1970000,17280.701754385966,2025,2025-09-01,Karmiel,Apartment in building
021176-0042-010-00,2025-09-29,1950000,1.0,2028,114,4.0,1950000,17105.263157894737,2025,2025-09-01,Karmiel,Apartment in building
018999-0041-039-00,2025-09-30,900000,1.0,1970,72,3.0,900000,12500.0,2025,2025-09-01,Karmiel,Apartment in building
019070-0027-004-00,2025-10-05,1550000,1.0,1995,106,5.0,1550000,14622.641509433963,2025,2025-10-01,Karmiel,Apartment in building
019069-0015-005-00,2025-10-09,695000,0.5,1992,120,5.0,695000,5791.666666666667,2025,2025-10-01,Karmiel,Apartment in building
018990-0208-015-00,2025-10-15,843755,1.0,2028,90,3.0,843755,9375.055555555555,2025,2025-10-01,Karmiel,Apartment in building
021176-0042-015-00,2025-10-21,1600000,1.0,2028,77,3.0,1600000,20779.22077922078,2025,2025-10-01,Karmiel,Apartment in building
018990-0208-018-00,2025-09-25,1104918,1.0,2028,110,4.0,1104918,10044.709090909091,2025,2025-09-01,Karmiel,Apartment in building
018990-0208-005-00,2025-10-26,726763,1.0,2028,76,2.5,726763,9562.671052631578,2025,2025-10-01,Karmiel,Apartment in building
018990-0208-008-00,2025-10-30,728220,1.0,2028,76,2.5,728220,9581.842105263158,2025,2025-10-01,Karmiel,Apartment in building
021176-0046-000-00,2025-10-06,1800000,1.0,2020,74,3.0,1800000,24324.324324324323,2025,2025-10-01,Karmiel,Apartment in building
018990-0208-004-00,2025-10-15,1182271,1.0,2028,127,5.0,1182271,9309.220472440946,2025,2025-10-01,Karmiel,Apartment in building
018990-0208-006-00,2025-10-15,880411,1.0,2028,95,3.5,880411,9267.484210526316,2025,2025-10-01,Karmiel,Apartment in building
018990-0208-010-00,2025-10-15,977700,1.0,2028,108,4.0,977700,9052.777777777777,2025,2025-10-01,Karmiel,Apartment in building
018990-0208-008-00,2025-10-15,726454,1.0,2028,76,2.5,726454,9558.605263157895,2025,2025-10-01,Karmiel,Apartment in building
021176-0042-007-00,2025-10-27,2020000,1.0,2028,122,4.0,2020000,16557.377049180326,2025,2025-10-01,Karmiel,Apartment in building
021176-0042-008-00,2025-10-27,2040000,1.0,2028,122,4.0,2040000,16721.311475409835,2025,2025-10-01,Karmiel,Apartment in building
019070-0042-012-00,2025-10-27,1150000,1.0,1993,68,2.5,1150000,16911.764705882353,2025,2025-10-01,Karmiel,Apartment in building
019070-0034-023-00,2025-10-27,1490000,1.0,1993,90,5.0,1490000,16555.555555555555,2025,2025-10-01,Karmiel,Apartment in building
019874-0005-026-00,2025-10-28,1450000,1.0,1997,117,4.0,1450000,12393.162393162393,2025,2025-10-01,Karmiel,Apartment in building
019003-0006-013-00,2025-09-30,815000,1.0,1960,50,3.0,815000,16300.0,2025,2025-09-01,Karmiel,Apartment in building
018998-0026-028-00,2025-10-09,1170000,1.0,1970,78,3.0,1170000,15000.0,2025,2025-10-01,Karmiel,Apartment in building
018997-0012-027-00,2025-10-12,970000,1.0,1993,70,3.0,970000,13857.142857142857,2025,2025-10-01,Karmiel,Apartment in building
019002-0029-014-00,2025-10-19,700000,1.0,1960,55,3.0,700000,12727.272727272728,2025,2025-10-01,Karmiel,Apartment in building
021176-0042-001-00,2025-11-04,2600000,1.0,2028,131,4.5,2600000,19847.32824427481,2025,2025-11-01,Karmiel,Apartment in building
021176-0042-005-00,2025-11-04,2200000,1.0,2028,122,4.0,2200000,18032.786885245903,2025,2025-11-01,Karmiel,Apartment in building
018990-0208-002-00,2025-11-07,962478,1.0,2028,102,3.5,962478,9436.058823529413,2025,2025-11-01,Karmiel,Apartment in building
018965-0033-000-00,2025-11-09,2180000,1.0,1990,138,4.0,2180000,15797.101449275362,2025,2025-11-01,Karmiel,Apartment in building
021176-0042-004-00,2025-11-10,2200000,1.0,2028,129,4.5,2200000,17054.263565891473,2025,2025-11-01,Karmiel,Apartment in building
019872-0013-004-00,2025-09-30,1600000,1.0,2002,106,4.0,1600000,15094.33962264151,2025,2025-09-01,Karmiel,Apartment in building
019874-0007-060-00,2025-09-30,832500,0.5,1998,133,4.0,832500,6259.398496240601,2025,2025-09-01,Karmiel,Apartment in building
019872-0008-037-00,2025-10-12,2060000,1.0,2001,125,5.0,2060000,16480.0,2025,2025-10-01,Karmiel,Garden apartment
019874-0118-010-00,2025-10-12,1335000,0.5,2016,155,5.0,1335000,8612.90322580645,2025,2025-10-01,Karmiel,Apartment in building
018948-0094-000-00,2025-10-15,4050000,1.0,1989,256,6.0,4050000,15820.3125,2025,2025-10-01,Karmiel,Single-family cottage
018947-0113-002-00,2025-10-15,2880000,1.0,1995,186,6.0,2880000,15483.870967741936,2025,2025-10-01,Karmiel,Apartment in building
021176-0046-000-00,2025-10-20,2365000,1.0,2020,187,6.0,2365000,12647.058823529413,2025,2025-10-01,Karmiel,Apartment in building
019022-0032-011-00,2025-10-21,1220000,1.0,1990,110,4.0,1220000,11090.90909090909,2025,2025-10-01,Karmiel,Apartment in building
018963-0009-001-00,2025-10-30,4080000,1.0,1987,173,6.0,4080000,23583.815028901736,2025,2025-10-01,Karmiel,Two-family cottage
019871-0008-089-00,2025-11-03,2180000,1.0,2013,155,5.0,2180000,14064.516129032258,2025,2025-11-01,Karmiel,Apartment in building
021176-0017-003-00,2025-11-12,1927997,1.0,2026,120,4.5,1927997,16066.641666666666,2025,2025-11-01,Karmiel,Apartment in building
019063-0006-013-00,2025-11-14,1150000,1.0,1980,70,3.0,1150000,16428.571428571428,2025,2025-11-01,Karmiel,Apartment in building
018891-0041-006-00,2025-10-05,4350000,1.0,2028,154,5.0,4350000,28246.753246753247,2025,2025-10-01,Karmiel,Apartment in building
021176-0046-000-00,2025-10-15,2230000,1.0,2020,160,6.0,2230000,13937.5,2025,2025-10-01,Karmiel,Apartment in building
018965-0105-015-00,2025-11-05,1350000,1.0,1998,98,4.0,1350000,13775.510204081633,2025,2025-11-01,Karmiel,Apartment in building
019067-0045-002-00,2025-11-05,2600000,1.0,1993,171,6.0,2600000,15204.678362573099,2025,2025-11-01,Karmiel,Apartment in building
019232-0023-024-00,2025-11-05,1670000,1.0,2003,116,5.0,1670000,14396.551724137931,2025,2025-11-01,Karmiel,Apartment in building
019023-0010-005-00,2025-11-11,1215000,1.0,1991,115,4.0,1215000,10565.217391304348,2025,2025-11-01,Karmiel,Apartment in building
019002-0014-003-00,2025-11-18,1360000,1.0,1960,117,5.0,1360000,11623.931623931623,2025,2025-11-01,Karmiel,Apartment in building
018991-0041-005-00,2025-11-19,4350000,1.0,2028,154,5.0,4350000,28246.753246753247,2025,2025-11-01,Karmiel,Two-family cottage
019872-0004-024-00,2025-11-20,1600000,1.0,1998,107,3.5,1600000,14953.271028037383,2025,2025-11-01,Karmiel,Apartment in building
019062-0005-010-00,2025-11-24,945000,1.0,1984,78,3.0,945000,12115.384615384615,2025,2025-11-01,Karmiel,Apartment in building
019003-0011-004-00,2025-11-06,845000,0.5,1983,115,5.0,845000,7347.826086956522,2025,2025-11-01,Karmiel,Apartment in building
019003-0031-014-00,2025-11-13,360000,0.5,1960,55,3.0,360000,6545.454545454545,2025,2025-11-01,Karmiel,Apartment in building
019062-0012-040-00,2025-11-20,875000,1.0,1999,71,3.0,875000,12323.94366197183,2025,2025-11-01,Karmiel,Apartment in building
019873-0052-081-00,2025-11-24,2875000,1.0,2017,130,5.0,2875000,22115.384615384617,2025,2025-11-01,Karmiel,Apartment in building
019875-0011-000-00,2025-11-25,2650000,1.0,2011,154,5.0,2650000,17207.79220779221,2025,2025-11-01,Karmiel,Apartment in building
019062-0004-023-00,2025-11-28,843750,0.75,1980,86,4.0,843750,9811.046511627907,2025,2025-11-01,Karmiel,Apartment in building
019875-0004-009-00,2025-11-30,3630000,1.0,2029,156,6.0,3630000,23269.23076923077,2025,2025-11-01,Karmiel,Apartment in building
019002-0064-016-00,2025-12-01,450000,0.5,1960,70,3.0,450000,6428.571428571428,2025,2025-12-01,Karmiel,Apartment in building
019870-0005-007-00,2025-12-03,1770000,1.0,2000,130,4.0,1770000,13615.384615384615,2025,2025-12-01,Karmiel,Apartment in building
019062-0084-004-00,2025-12-04,1200000,0.5,1983,87,4.0,1200000,13793.103448275862,2025,2025-12-01,Karmiel,Apartment in building
018999-0013-018-00,2025-11-06,1050000,1.0,1970,79,3.5,1050000,13291.139240506329,2025,2025-11-01,Karmiel,Apartment in building
019062-0005-024-00,2025-11-08,1170000,1.0,1980,67,3.0,1170000,17462.68656716418,2025,2025-11-01,Karmiel,Apartment in building
019872-0017-017-00,2025-11-12,1450000,1.0,2001,101,4.0,1450000,14356.435643564357,2025,2025-11-01,Karmiel,Apartment in building
019872-0014-054-00,2025-11-19,1130000,1.0,2000,64,2.0,1130000,17656.25,2025,2025-11-01,Karmiel,Apartment in building
019875-0004-007-00,2025-11-19,3640000,1.0,2029,160,6.0,3640000,22750.0,2025,2025-11-01,Karmiel,Apartment in building
019875-0004-002-00,2025-11-19,2657800,1.0,2029,126,5.0,2657800,21093.650793650795,2025,2025-11-01,Karmiel,Apartment in building
019875-0004-009-00,2025-11-19,3957600,1.0,2029,178,6.0,3957600,22233.70786516854,2025,2025-11-01,Karmiel,Apartment in building
019875-0004-007-00,2025-11-19,3790000,1.0,2029,178,6.0,3790000,21292.134831460673,2025,2025-11-01,Karmiel,Apartment in building
019875-0004-007-00,2025-11-19,3640000,1.0,2029,159,6.0,3640000,22893.081761006288,2025,2025-11-01,Karmiel,Apartment in building
019000-0011-015-00,2025-11-19,750000,1.0,1970,60,3.0,750000,12500.0,2025,2025-11-01,Karmiel,Apartment in building
019875-0004-001-00,2025-11-24,3030000,1.0,2029,127,5.0,3030000,23858.267716535433,2025,2025-11-01,Karmiel,Apartment in building
019873-0014-055-00,2025-11-25,1440000,1.0,2000,90,3.0,1440000,16000.0,2025,2025-11-01,Karmiel,Apartment in building
019071-0033-002-00,2025-11-27,805000,0.5,1980,110,4.0,805000,7318.181818181818,2025,2025-11-01,Karmiel,Apartment in building
021176-0042-016-00,2025-12-08,1600000,1.0,2028,77,3.0,1600000,20779.22077922078,2025,2025-12-01,Karmiel,Apartment in building
021176-0042-007-00,2025-12-08,2040000,1.0,2028,122,4.0,2040000,16721.311475409835,2025,2025-12-01,Karmiel,Apartment in building
019949-0051-000-00,2025-10-16,3075000,1.0,2004,120,5.0,3075000,25625.0,2025,2025-10-01,Karmiel,Apartment in building
019067-0186-007-00,2025-10-21,1500000,1.0,1995,100,3.0,1500000,15000.0,2025,2025-10-01,Karmiel,Apartment in building
019067-0180-012-00,2025-10-27,1580000,1.0,1993,165,5.0,1580000,9575.757575757576,2025,2025-10-01,Karmiel,Apartment in building
018948-0075-000-00,2025-10-28,3200000,1.0,1993,273,6.0,3200000,11721.611721611722,2025,2025-10-01,Karmiel,Apartment in building
018999-0018-006-00,2025-11-09,900000,1.0,1970,71,3.0,900000,12676.05633802817,2025,2025-11-01,Karmiel,Apartment in building
019067-0007-000-00,2025-11-13,1880000,1.0,1996,130,4.0,1880000,14461.538461538461,2025,2025-11-01,Karmiel,Two-family cottage
019875-0004-001-00,2025-11-19,2861500,1.0,2029,126,5.0,2861500,22710.31746031746,2025,2025-11-01,Karmiel,Apartment in building
019061-0022-006-00,2025-11-20,1650000,1.0,1987,135,5.0,1650000,12222.222222222223,2025,2025-11-01,Karmiel,Apartment in building
021176-0040-000-00,2025-11-21,1641000,1.0,2021,110,3.0,1641000,14918.181818181818,2025,2025-11-01,Karmiel,Apartment in building
019949-0051-000-00,2025-11-23,700000,0.5,2010,73,3.0,700000,9589.04109589041,2025,2025-11-01,Karmiel,Apartment in building
021176-0046-000-00,2025-11-25,2105000,1.0,2020,110,4.0,2105000,19136.363636363636,2025,2025-11-01,Karmiel,Apartment in building
019070-0042-018-00,2025-11-25,850000,1.0,1993,115,4.0,850000,7391.304347826087,2025,2025-11-01,Karmiel,Apartment in building
019875-0004-001-00,2025-11-25,2980000,1.0,2029,127,5.0,2980000,23464.56692913386,2025,2025-11-01,Karmiel,Apartment in building
019062-0004-023-00,2025-11-28,281250,0.25,1980,86,4.0,281250,3270.3488372093025,2025,2025-11-01,Karmiel,Apartment in building
019063-0046-015-00,2025-12-14,1195000,1.0,1980,87,3.0,1195000,13735.632183908046,2025,2025-12-01,Karmiel,Apartment in building
019002-0014-005-00,2025-12-17,1700000,1.0,1970,120,4.0,1700000,14166.666666666666,2025,2025-12-01,Karmiel,Apartment in building
018990-0208-008-00,2025-12-18,685206,1.0,2028,76,2.5,685206,9015.868421052632,2025,2025-12-01,Karmiel,Apartment in building
021176-0036-001-00,2025-06-26,1769211,1.0,2026,117,4.0,1769211,15121.461538461539,2025,2025-06-01,Karmiel,Apartment in building
021176-0042-008-00,2025-07-07,2040000,1.0,2028,122,4.0,2040000,16721.311475409835,2025,2025-07-01,Karmiel,Apartment in building
021176-0042-009-00,2025-07-07,1950000,1.0,2028,114,4.0,1950000,17105.263157894737,2025,2025-07-01,Karmiel,Apartment in building
019002-0032-010-00,2025-07-06,855000,1.0,1970,54,3.0,855000,15833.333333333334,2025,2025-07-01,Karmiel,Apartment in building
019062-0012-052-00,2025-07-07,890000,1.0,1980,75,3.0,890000,11866.666666666666,2025,2025-07-01,Karmiel,Apartment in building
019062-0017-018-00,2025-07-10,1160000,1.0,1980,98,4.0,1160000,11836.734693877552,2025,2025-07-01,Karmiel,Apartment in building
018997-0005-034-00,2025-07-13,1010000,1.0,1980,68,3.0,1010000,14852.941176470587,2025,2025-07-01,Karmiel,Apartment in building
019872-0008-038-00,2025-06-23,2260000,1.0,2002,125,5.0,2260000,18080.0,2025,2025-06-01,Karmiel,Apartment in building
019874-0007-053-00,2025-06-26,700000,0.5,2000,90,3.0,700000,7777.777777777777,2025,2025-06-01,Karmiel,Apartment in building
019063-0006-011-00,2025-07-14,1040000,1.0,1980,73,3.0,1040000,14246.575342465754,2025,2025-07-01,Karmiel,Apartment in building
019003-0020-051-00,2025-07-21,830000,1.0,1960,50,3.0,830000,16600.0,2025,2025-07-01,Karmiel,Apartment in building
019875-0011-000-00,2025-07-21,1500000,1.0,2006,120,4.0,1500000,12500.0,2025,2025-07-01,Karmiel,Apartment in building
019070-0040-022-00,2025-06-23,1180000,1.0,1990,75,3.0,1180000,15733.333333333334,2025,2025-06-01,Karmiel,Apartment in building
018998-0004-006-00,2025-07-23,990000,1.0,1970,67,3.0,990000,14776.119402985074,2025,2025-07-01,Karmiel,Apartment in building
021176-0042-007-00,2025-07-27,3000000,1.0,2028,135,4.0,3000000,22222.222222222223,2025,2025-07-01,Karmiel,Apartment in building
019067-0032-001-00,2025-06-29,1700000,1.0,1993,89,4.0,1700000,19101.123595505618,2025,2025-06-01,Karmiel,Apartment in building
019070-0041-019-00,2025-07-02,1100000,1.0,1993,72,2.5,1100000,15277.777777777777,2025,2025-07-01,Karmiel,Apartment in building
019872-0013-037-00,2025-07-15,1320000,1.0,2003,91,3.0,1320000,14505.494505494506,2025,2025-07-01,Karmiel,Apartment in building
018998-0027-029-00,2025-07-16,960000,1.0,1970,79,3.5,960000,12151.898734177215,2025,2025-07-01,Karmiel,Apartment in building
019002-0029-042-00,2025-07-24,765000,1.0,1960,50,3.0,765000,15300.0,2025,2025-07-01,Karmiel,Apartment in building
018988-0200-016-00,2025-07-24,1250000,1.0,1970,85,3.0,1250000,14705.882352941177,2025,2025-07-01,Karmiel,Apartment in building
019232-0018-100-00,2025-07-27,1550000,1.0,2000,106,3.0,1550000,14622.641509433963,2025,2025-07-01,Karmiel,Apartment in building
018988-0201-006-00,2025-07-31,853000,1.0,2017,74,3.0,853000,11527.027027027027,2025,2025-07-01,Karmiel,Apartment in building
018990-0029-022-00,2025-06-25,1050000,1.0,1980,73,3.0,1050000,14383.561643835616,2025,2025-06-01,Karmiel,Apartment in building
019068-0097-001-00,2025-06-30,1970000,1.0,2016,122,5.0,1970000,16147.540983606557,2025,2025-06-01,Karmiel,Apartment in building
019232-0024-001-00,2025-07-02,2120000,1.0,2002,161,5.0,2120000,13167.701863354037,2025,2025-07-01,Karmiel,Two-family cottage
018999-0005-005-00,2025-07-03,1180000,1.0,1970,80,3.0,1180000,14750.0,2025,2025-07-01,Karmiel,Apartment in building
019873-0052-033-00,2025-07-06,1980000,1.0,2016,130,4.0,1980000,15230.76923076923,2025,2025-07-01,Karmiel,Apartment in building
019069-0021-001-00,2025-07-08,1520000,1.0,1990,80,3.0,1520000,19000.0,2025,2025-07-01,Karmiel,Apartment in building
019949-0051-001-00,2025-07-08,2850000,1.0,2010,125,5.0,2850000,22800.0,2025,2025-07-01,Karmiel,Apartment in building
019870-0007-004-00,2025-07-13,2650000,1.0,2000,146,5.0,2650000,18150.68493150685,2025,2025-07-01,Karmiel,Apartment in building
019061-0026-004-00,2025-07-13,1920000,1.0,1988,129,5.0,1920000,14883.720930232557,2025,2025-07-01,Karmiel,Apartment in building
019067-0032-004-00,2025-07-14,2350000,1.0,1990,200,5.0,2350000,11750.0,2025,2025-07-01,Karmiel,Apartment in building
019873-0052-098-00,2025-07-15,1750000,1.0,2016,106,4.0,1750000,16509.43396226415,2025,2025-07-01,Karmiel,Apartment in building
018965-0108-016-00,2025-08-05,1360000,1.0,1970,98,4.0,1360000,13877.551020408164,2025,2025-08-01,Karmiel,Apartment in building
019023-0028-013-00,2025-08-07,2090000,1.0,1990,121,4.0,2090000,17272.727272727272,2025,2025-08-01,Karmiel,Apartment in building
019872-0017-134-00,2025-08-08,1435000,1.0,2000,88,3.0,1435000,16306.818181818182,2025,2025-08-01,Karmiel,Apartment in building
019872-0005-000-00,2025-07-01,1930000,1.0,1997,105,5.0,1930000,18380.95238095238,2025,2025-07-01,Karmiel,Apartment in building
021176-0042-003-00,2025-08-07,2200000,1.0,2028,129,4.5,2200000,17054.263565891473,2025,2025-08-01,Karmiel,Apartment in building
018947-0163-000-00,2025-07-08,1110000,0.5,2000,171,5.0,1110000,6491.228070175439,2025,2025-07-01,Karmiel,Apartment in building
018965-0009-002-00,2025-07-24,2260000,1.0,1970,150,5.0,2260000,15066.666666666666,2025,2025-07-01,Karmiel,Apartment in building
018990-0208-005-00,2025-08-05,1670000,1.0,2028,80,2.5,1670000,20875.0,2025,2025-08-01,Karmiel,Apartment in building
018990-0208-011-00,2025-08-05,1625000,1.0,2028,80,2.5,1625000,20312.5,2025,2025-08-01,Karmiel,Apartment in building
019870-0004-002-00,2025-08-14,1955000,1.0,1990,120,4.0,1955000,16291.666666666666,2025,2025-08-01,Karmiel,Apartment in building
018990-0208-005-00,2025-08-28,1640000,1.0,2028,80,2.5,1640000,20500.0,2025,2025-08-01,Karmiel,Apartment in building
019023-0010-020-00,2025-07-03,1870000,1.0,1970,157,6.0,1870000,11910.828025477707,2025,2025-07-01,Karmiel,Apartment in building
019024-0012-001-00,2025-07-03,1810000,1.0,1990,130,5.0,1810000,13923.076923076924,2025,2025-07-01,Karmiel,Apartment in building
019024-0011-008-00,2025-07-06,2450000,1.0,2005,155,5.0,2450000,15806.451612903225,2025,2025-07-01,Karmiel,Apartment in building
018965-0011-014-00,2025-07-12,450000,0.25,1980,120,5.0,450000,3750.0,2025,2025-07-01,Karmiel,Apartment in building
019874-0106-001-00,2025-07-13,3750000,1.0,2015,155,6.0,3750000,24193.548387096773,2025,2025-07-01,Karmiel,Apartment in building
019062-0005-011-00,2025-07-15,970000,1.0,1980,78,3.0,970000,12435.897435897436,2025,2025-07-01,Karmiel,Apartment in building
019003-0019-046-00,2025-07-16,750000,1.0,1970,55,3.0,750000,13636.363636363636,2025,2025-07-01,Karmiel,Apartment in building
019872-0006-021-00,2025-07-24,1555000,1.0,1970,84,4.0,1555000,18511.904761904763,2025,2025-07-01,Karmiel,Apartment in building
018998-0021-035-00,2025-08-07,835000,1.0,1970,60,3.0,835000,13916.666666666666,2025,2025-08-01,Karmiel,Apartment in building
018999-0039-029-00,2025-08-21,795000,1.0,1986,63,3.0,795000,12619.047619047618,2025,2025-08-01,Karmiel,Apartment in building
018991-0041-019-00,2025-08-25,4350000,1.0,2028,154,5.0,4350000,28246.753246753247,2025,2025-08-01,Karmiel,Two-family cottage
019002-0005-001-00,2025-08-31,875000,1.0,1970,45,3.0,875000,19444.444444444445,2025,2025-08-01,Karmiel,Apartment in building
019002-0029-025-00,2025-06-28,765000,1.0,1960,65,3.0,765000,11769.23076923077,2025,2025-06-01,Karmiel,Apartment in building
021176-0048-000-00,2025-07-09,2100000,1.0,2020,177,5.0,2100000,11864.406779661016,2025,2025-07-01,Karmiel,Apartment in building
018997-0007-028-00,2025-07-23,870000,1.0,1983,76,3.0,870000,11447.368421052632,2025,2025-07-01,Karmiel,Apartment in building
019003-0097-010-00,2025-07-25,840000,1.0,1970,67,3.0,840000,12537.313432835821,2025,2025-07-01,Karmiel,Apartment in building
019946-0139-000-00,2025-08-04,2900000,1.0,2020,124,4.0,2900000,23387.09677419355,2025,2025-08-01,Karmiel,Apartment in building
018965-0095-005-00,2025-08-10,1310000,1.0,1989,118,5.0,1310000,11101.694915254237,2025,2025-08-01,Karmiel,Apartment in building
019062-0047-026-00,2025-08-14,1020000,1.0,1970,69,3.0,1020000,14782.608695652174,2025,2025-08-01,Karmiel,Apartment in building
019873-0052-010-00,2025-08-15,2935000,1.0,2016,157,5.0,2935000,18694.267515923566,2025,2025-08-01,Karmiel,Apartment in building
019062-0026-020-00,2025-08-27,1150000,1.0,1970,77,4.0,1150000,14935.064935064935,2025,2025-08-01,Karmiel,Apartment in building
018990-0208-010-00,2025-08-31,1129519,1.0,2028,128,5.0,1129519,8824.3671875,2025,2025-08-01,Karmiel,Apartment in building
018990-0208-013-00,2025-08-31,1128465,1.0,2028,120,5.0,1128465,9403.875,2025,2025-08-01,Karmiel,Apartment in building
018990-0208-002-00,2025-08-31,1222098,1.0,2028,128,5.0,1222098,9547.640625,2025,2025-08-01,Karmiel,Apartment in building
018990-0208-004-00,2025-08-31,1296337,1.0,2028,140,6.0,1296337,9259.55,2025,2025-08-01,Karmiel,Apartment in building
018990-0208-006-00,2025-08-31,1142209,1.0,2028,122,4.5,1142209,9362.368852459016,2025,2025-08-01,Karmiel,Apartment in building
018990-0208-007-00,2025-08-31,1228465,1.0,2028,140,6.0,1228465,8774.75,2025,2025-08-01,Karmiel,Apartment in building
019872-0010-012-00,2025-09-03,1610000,1.0,2007,109,4.0,1610000,14770.642201834862,2025,2025-09-01,Karmiel,Apartment in building
019232-0018-051-00,2025-09-04,1550000,1.0,2002,102,3.5,1550000,15196.078431372549,2025,2025-09-01,Karmiel,Apartment in building
019023-0028-018-00,2025-09-04,1500000,1.0,1980,106,4.0,1500000,14150.943396226416,2025,2025-09-01,Karmiel,Apartment in building
019875-0011-000-00,2025-07-10,1590000,1.0,2004,118,4.0,1590000,13474.57627118644,2025,2025-07-01,Karmiel,Apartment in building
019061-0017-001-00,2025-07-13,1700000,1.0,1990,110,4.0,1700000,15454.545454545454,2025,2025-07-01,Karmiel,Apartment in building
018983-0385-000-00,2025-07-24,3800000,1.0,1970,150,6.0,3800000,25333.333333333332,2025,2025-07-01,Karmiel,Single-family cottage
018948-0127-000-00,2025-07-25,3680000,1.0,1981,228,8.0,3680000,16140.350877192983,2025,2025-07-01,Karmiel,Apartment in building
018988-0203-034-00,2025-07-29,1365000,1.0,1980,100,4.0,1365000,13650.0,2025,2025-07-01,Karmiel,Apartment in building
018990-0026-003-00,2025-07-30,950000,1.0,1970,72,3.0,950000,13194.444444444445,2025,2025-07-01,Karmiel,Apartment in building
018987-0405-000-00,2025-08-01,1047000,1.0,1995,74,3.5,1047000,14148.648648648648,2025,2025-08-01,Karmiel,Apartment in building
018963-0161-002-00,2025-08-17,1550000,0.5,1995,150,5.5,1550000,10333.333333333334,2025,2025-08-01,Karmiel,Apartment in building
021176-0046-000-00,2025-08-24,1870000,1.0,2019,113,4.0,1870000,16548.672566371682,2025,2025-08-01,Karmiel,Apartment in building
021176-0036-007-00,2025-09-08,834057,1.0,2026,76,3.0,834057,10974.434210526315,2025,2025-09-01,Karmiel,Apartment in building
021176-0017-001-00,2025-09-10,1758129,1.0,2026,128,5.0,1758129,13735.3828125,2025,2025-09-01,Karmiel,Apartment in building
018990-0208-005-00,2025-09-14,1680000,1.0,2028,77,2.5,1680000,21818.18181818182,2025,2025-09-01,Karmiel,Apartment in building
018990-0208-012-00,2025-09-17,1127928,1.0,2028,125,5.0,1127928,9023.424,2025,2025-09-01,Karmiel,Apartment in building
018990-0208-009-00,2025-09-17,1232910,1.0,2028,125,5.0,1232910,9863.28,2025,2025-09-01,Karmiel,Apartment in building
018990-0208-009-00,2025-09-17,877594,1.0,2028,93,3.5,877594,9436.494623655914,2025,2025-09-01,Karmiel,Apartment in building
018990-0208-009-00,2025-09-17,1021959,1.0,2028,110,4.0,1021959,9290.536363636364,2025,2025-09-01,Karmiel,Apartment in building
019071-0011-002-00,2025-07-15,1470000,1.0,2000,110,3.0,1470000,13363.636363636364,2025,2025-07-01,Karmiel,Apartment in building
019875-0009-175-00,2025-08-24,2040000,1.0,2008,112,4.0,2040000,18214.285714285714,2025,2025-08-01,Karmiel,Apartment in building
019874-0009-015-00,2025-09-03,1900000,1.0,2000,76,4.0,1900000,25000.0,2025,2025-09-01,Karmiel,Apartment in building
019872-0016-036-00,2025-09-19,1185000,1.0,2000,70,2.5,1185000,16928.571428571428,2025,2025-09-01,Karmiel,Apartment in building
019062-0036-002-00,2025-07-25,1155000,1.0,1970,99,3.5,1155000,11666.666666666666,2025,2025-07-01,Karmiel,Apartment in building
019066-0062-002-00,2025-08-28,1950000,1.0,1994,80,3.0,1950000,24375.0,2025,2025-08-01,Karmiel,Apartment in building
018999-0004-002-00,2025-09-18,735000,1.0,1986,68,3.0,735000,10808.823529411764,2025,2025-09-01,Karmiel,Apartment in building
019024-0007-006-00,2025-08-13,1310000,1.0,1990,100,4.0,1310000,13100.0,2025,2025-08-01,Karmiel,Apartment in building
018991-0164-000-00,2025-08-19,3800000,1.0,2014,207,5.0,3800000,18357.487922705313,2025,2025-08-01,Karmiel,Apartment in building
019874-0082-000-00,2025-08-23,2735000,1.0,1995,190,6.0,2735000,14394.736842105263,2025,2025-08-01,Karmiel,Two-family cottage
019874-0006-051-00,2025-09-02,1700000,1.0,1990,120,4.0,1700000,14166.666666666666,2025,2025-09-01,Karmiel,Apartment in building
021176-0048-000-00,2025-09-03,1570000,1.0,2020,81,3.0,1570000,19382.716049382718,2025,2025-09-01,Karmiel,Apartment in building
019873-0009-022-00,2025-09-03,927500,0.5,2000,115,4.0,927500,8065.217391304348,2025,2025-09-01,Karmiel,Apartment in building
019004-0054-000-00,2025-09-04,5000000,1.0,1980,280,6.0,5000000,17857.14285714286,2025,2025-09-01,Karmiel,Single-family cottage
018963-0075-002-00,2025-09-17,3100000,1.0,1985,189,6.0,3100000,16402.1164021164,2025,2025-09-01,Karmiel,Apartment in building
019872-0011-037-00,2025-09-17,1870000,1.0,2006,110,3.0,1870000,17000.0,2025,2025-09-01,Karmiel,Apartment in building
019873-0007-026-00,2025-08-21,1075000,0.5,2000,107,4.0,1075000,10046.728971962617,2025,2025-08-01,Karmiel,Apartment in building
019063-0043-018-00,2025-08-26,1000000,1.0,1970,80,3.0,1000000,12500.0,2025,2025-08-01,Karmiel,Apartment in building
019067-0178-057-00,2025-08-27,1400000,1.0,1995,68,4.0,1400000,20588.235294117647,2025,2025-08-01,Karmiel,Apartment in building
019875-0010-016-00,2025-09-17,2000000,1.0,2003,110,4.0,2000000,18181.81818181818,2025,2025-09-01,Karmiel,Apartment in building
019872-0004-028-00,2025-09-17,1750000,1.0,1998,165,4.0,1750000,10606.060606060606,2025,2025-09-01,Karmiel,Apartment in building
019002-0006-011-00,2025-08-31,780000,1.0,1970,52,3.0,780000,15000.0,2025,2025-08-01,Karmiel,Apartment in building
019874-0007-065-00,2025-09-04,1500000,1.0,1998,147,5.0,1500000,10204.081632653062,2025,2025-09-01,Karmiel,Apartment in building
019062-0023-019-00,2025-09-08,1120000,1.0,1980,92,4.0,1120000,12173.91304347826,2025,2025-09-01,Karmiel,Apartment in building
019000-0009-020-00,2025-09-14,1200000,1.0,1970,87,3.0,1200000,13793.103448275862,2025,2025-09-01,Karmiel,Apartment in building
019070-0024-002-00,2025-09-16,2470000,1.0,1992,154,5.0,2470000,16038.961038961039,2025,2025-09-01,Karmiel,Apartment in building
018990-0026-032-00,2025-09-18,1100000,1.0,1970,75,3.0,1100000,14666.666666666666,2025,2025-09-01,Karmiel,Apartment in building
018965-0218-000-00,2025-09-03,2700000,1.0,1994,147,5.0,2700000,18367.34693877551,2025,2025-09-01,Karmiel,Apartment in building
018963-0029-000-00,2025-09-14,3000000,1.0,1960,140,5.0,3000000,21428.571428571428,2025,2025-09-01,Karmiel,Single-family cottage
018948-0105-000-00,2025-09-21,3600000,1.0,1970,176,6.0,3600000,20454.545454545456,2025,2025-09-01,Karmiel,Two-family cottage
019067-0095-001-00,2025-09-03,2220000,1.0,1990,116,5.0,2220000,19137.931034482757,2025,2025-09-01,Karmiel,Two-family cottage
019003-0011-006-00,2025-09-09,690000,0.5,1970,85,3.0,690000,8117.64705882353,2025,2025-09-01,Karmiel,Apartment in building
019062-0006-027-00,2025-09-16,1045000,1.0,1960,91,4.0,1045000,11483.516483516483,2025,2025-09-01,Karmiel,Apartment in building
019023-0017-000-00,2025-09-19,2460000,1.0,1990,205,4.5,2460000,12000.0,2025,2025-09-01,Karmiel,Apartment in building
019069-0011-004-00,2025-04-27,1270000,1.0,1993,83,3.0,1270000,15301.204819277109,2025,2025-04-01,Karmiel,Apartment in building
021176-0036-005-00,2025-04-28,1520641,1.0,2026,152,6.0,1520641,10004.217105263158,2025,2025-04-01,Karmiel,Apartment in building
021176-0017-005-00,2025-04-28,1558395,1.0,2026,152,6.0,1558395,10252.598684210527,2025,2025-04-01,Karmiel,Apartment in building
021176-0035-006-00,2025-04-28,1520641,1.0,2026,152,6.0,1520641,10004.217105263158,2025,2025-04-01,Karmiel,Apartment in building
021176-0035-005-00,2025-04-28,1520641,1.0,2026,152,6.0,1520641,10004.217105263158,2025,2025-04-01,Karmiel,Apartment in building
019873-0007-030-00,2025-04-29,1400000,1.0,1998,102,4.0,1400000,13725.490196078432,2025,2025-04-01,Karmiel,Apartment in building
021176-0017-006-00,2025-04-28,1558395,1.0,2026,152,6.0,1558395,10252.598684210527,2025,2025-04-01,Karmiel,Apartment in building
021176-0036-006-00,2025-04-28,1520641,1.0,2026,152,6.0,1520641,10004.217105263158,2025,2025-04-01,Karmiel,Apartment in building
021176-0035-003-00,2025-04-28,1782361,1.0,2026,111,4.0,1782361,16057.306306306305,2025,2025-04-01,Karmiel,Apartment in building
019062-0063-004-00,2025-04-28,710000,0.5,1970,85,4.0,710000,8352.941176470587,2025,2025-04-01,Karmiel,Apartment in building
021176-0036-001-00,2025-05-04,1459959,1.0,2026,133,5.0,1459959,10977.135338345865,2025,2025-05-01,Karmiel,Apartment in building
021176-0017-003-00,2025-05-04,1837362,1.0,2026,132,5.0,1837362,13919.40909090909,2025,2025-05-01,Karmiel,Apartment in building
019063-0043-011-00,2025-05-08,960000,1.0,1960,83,3.0,960000,11566.265060240963,2025,2025-05-01,Karmiel,Apartment in building
019069-0017-007-00,2025-05-11,1600000,1.0,1980,124,4.0,1600000,12903.225806451614,2025,2025-05-01,Karmiel,Apartment in building
018999-0039-032-00,2025-05-12,825000,1.0,1970,73,3.0,825000,11301.369863013699,2025,2025-05-01,Karmiel,Apartment in building
018998-0021-025-00,2025-05-12,850000,1.0,1970,60,3.0,850000,14166.666666666666,2025,2025-05-01,Karmiel,Apartment in building
019063-0006-019-00,2025-05-19,925000,1.0,1980,70,3.0,925000,13214.285714285714,2025,2025-05-01,Karmiel,Apartment in building
021176-0017-001-00,2025-05-19,1496207,1.0,2026,133,5.0,1496207,11249.676691729323,2025,2025-05-01,Karmiel,Apartment in building
019875-0003-000-00,2025-04-25,1780000,1.0,2020,100,3.0,1780000,17800.0,2025,2025-04-01,Karmiel,Apartment in building
021176-0013-013-00,2025-05-19,1707549,1.0,2026,135,5.0,1707549,12648.511111111111,2025,2025-05-01,Karmiel,Apartment in building
021176-0035-005-00,2025-05-19,1520641,1.0,2026,152,6.0,1520641,10004.217105263158,2025,2025-05-01,Karmiel,Apartment in building
021176-0035-006-00,2025-05-19,1520641,1.0,2026,152,6.0,1520641,10004.217105263158,2025,2025-05-01,Karmiel,Apartment in building
019875-0041-000-00,2025-06-03,2400000,1.0,2014,175,5.0,2400000,13714.285714285714,2025,2025-06-01,Karmiel,Apartment in building
019071-0011-004-00,2025-04-25,1600000,1.0,1994,138,5.0,1600000,11594.202898550724,2025,2025-04-01,Karmiel,Apartment in building
019872-0014-040-00,2025-04-29,1470000,1.0,1999,106,4.0,1470000,13867.924528301886,2025,2025-04-01,Karmiel,Apartment in building
019000-0014-012-00,2025-04-29,800000,1.0,1982,78,4.0,800000,10256.410256410256,2025,2025-04-01,Karmiel,Apartment in building
019003-0101-014-00,2025-06-03,900000,1.0,1980,59,3.0,900000,15254.237288135593,2025,2025-06-01,Karmiel,Apartment in building
019872-0006-047-00,2025-06-09,1350000,1.0,2001,87,3.0,1350000,15517.241379310344,2025,2025-06-01,Karmiel,Apartment in building
019070-0034-010-00,2025-04-27,1335000,1.0,1993,83,3.0,1335000,16084.33734939759,2025,2025-04-01,Karmiel,Apartment in building
019232-0018-096-00,2025-04-27,1450000,1.0,2002,74,3.0,1450000,19594.594594594593,2025,2025-04-01,Karmiel,Apartment in building
018963-0145-000-00,2025-04-27,4600000,1.0,1990,200,5.0,4600000,23000.0,2025,2025-04-01,Karmiel,Single-family cottage
018997-0009-003-00,2025-04-28,1235000,1.0,1970,93,3.0,1235000,13279.569892473119,2025,2025-04-01,Karmiel,Apartment in building
019232-0030-040-00,2025-04-28,850000,0.5,2005,86,4.0,850000,9883.720930232557,2025,2025-04-01,Karmiel,Apartment in building
019872-0017-183-00,2025-04-28,1570000,1.0,2004,99,4.0,1570000,15858.585858585859,2025,2025-04-01,Karmiel,Apartment in building
019022-0026-035-00,2025-04-29,1860000,1.0,1993,110,5.0,1860000,16909.090909090908,2025,2025-04-01,Karmiel,Apartment in building
018997-0029-001-00,2025-04-29,1830000,1.0,1980,70,5.0,1830000,26142.85714285714,2025,2025-04-01,Karmiel,Apartment in building
019003-0066-008-00,2025-05-11,1740000,1.0,1970,110,4.0,1740000,15818.181818181818,2025,2025-05-01,Karmiel,Apartment in building
019002-0029-015-00,2025-05-12,720000,1.0,1960,50,3.0,720000,14400.0,2025,2025-05-01,Karmiel,Apartment in building
018988-0198-020-00,2025-05-12,620000,0.5,1980,90,4.0,620000,6888.888888888889,2025,2025-05-01,Karmiel,Apartment in building
021176-0048-000-00,2025-05-12,1700000,1.0,2019,112,3.0,1700000,15178.57142857143,2025,2025-05-01,Karmiel,Apartment in building
019873-0009-015-00,2025-05-13,2000000,1.0,2005,120,4.0,2000000,16666.666666666668,2025,2025-05-01,Karmiel,Apartment in building
019003-0112-035-00,2025-05-15,865000,1.0,1970,67,3.0,865000,12910.44776119403,2025,2025-05-01,Karmiel,Apartment in building
019071-0060-005-00,2025-05-26,1750000,1.0,2000,107,5.0,1750000,16355.140186915887,2025,2025-05-01,Karmiel,Apartment in building
019872-0006-032-00,2025-06-12,1360000,1.0,1999,104,3.0,1360000,13076.923076923076,2025,2025-06-01,Karmiel,Apartment in building
019062-0026-018-00,2025-06-12,1100000,1.0,1980,77,4.0,1100000,14285.714285714286,2025,2025-06-01,Karmiel,Apartment in building
021176-0035-001-00,2025-04-28,1604197,1.0,2026,117,4.0,1604197,13711.08547008547,2025,2025-04-01,Karmiel,Apartment in building
021176-0035-002-00,2025-04-28,1533117,1.0,2026,117,4.0,1533117,13103.564102564103,2025,2025-04-01,Karmiel,Apartment in building
021176-0035-002-00,2025-04-28,1592414,1.0,2026,117,4.0,1592414,13610.376068376068,2025,2025-04-01,Karmiel,Apartment in building
021176-0035-001-00,2025-04-28,1525079,1.0,2026,117,4.0,1525079,13034.863247863248,2025,2025-04-01,Karmiel,Apartment in building
019021-0054-007-00,2025-05-05,1550000,1.0,1990,90,4.0,1550000,17222.222222222223,2025,2025-05-01,Karmiel,Apartment in building
019874-0118-000-00,2025-05-06,3500000,1.0,2016,222,6.0,3500000,15765.765765765766,2025,2025-05-01,Karmiel,Apartment in building
019874-0009-020-00,2025-05-12,1300000,1.0,2000,100,3.0,1300000,13000.0,2025,2025-05-01,Karmiel,Apartment in building
019063-0056-010-00,2025-05-12,1250000,1.0,1970,102,5.5,1250000,12254.901960784313,2025,2025-05-01,Karmiel,Apartment in building
019874-0011-000-00,2025-05-18,1510000,1.0,1990,91,4.0,1510000,16593.406593406595,2025,2025-05-01,Karmiel,Apartment in building
019069-0014-003-00,2025-05-20,1200000,1.0,1993,88,3.5,1200000,13636.363636363636,2025,2025-05-01,Karmiel,Apartment in building
019002-0006-004-00,2025-06-12,900000,1.0,1970,65,3.0,900000,13846.153846153846,2025,2025-06-01,Karmiel,Apartment in building
021176-0042-015-00,2025-05-15,1650000,1.0,2028,77,3.0,1650000,21428.571428571428,2025,2025-05-01,Karmiel,Apartment in building
021176-0035-001-00,2025-05-19,1606958,1.0,2026,117,4.0,1606958,13734.68376068376,2025,2025-05-01,Karmiel,Apartment in building
018997-0027-002-00,2025-06-16,1600000,1.0,1980,116,4.0,1600000,13793.103448275862,2025,2025-06-01,Karmiel,Apartment in building
019871-0007-043-00,2025-05-04,770000,0.5,1997,107,5.0,770000,7196.261682242991,2025,2025-05-01,Karmiel,Apartment in building
021176-0042-001-00,2025-05-13,3600000,1.0,2028,174,5.0,3600000,20689.655172413793,2025,2025-05-01,Karmiel,Apartment in building
021176-0019-004-00,2025-05-23,2740000,1.0,2023,126,5.0,2740000,21746.031746031746,2025,2025-05-01,Karmiel,Apartment in building
019003-0062-002-00,2025-05-25,1875000,1.0,1970,110,4.0,1875000,17045.454545454544,2025,2025-05-01,Karmiel,Apartment in building
018998-0022-004-00,2025-05-25,885000,1.0,1970,60,3.0,885000,14750.0,2025,2025-05-01,Karmiel,Apartment in building
021176-0019-002-00,2025-05-26,2240000,1.0,2023,131,5.0,2240000,17099.236641221374,2025,2025-05-01,Karmiel,Apartment in building
019002-0029-065-00,2025-06-19,700000,1.0,1960,40,3.0,700000,17500.0,2025,2025-06-01,Karmiel,Apartment in building
018988-0193-019-00,2025-04-29,400000,0.333,1982,93,3.0,400000,4301.075268817204,2025,2025-04-01,Karmiel,Apartment in building
018988-0193-019-00,2025-04-29,400000,0.333,1982,93,3.0,400000,4301.075268817204,2025,2025-04-01,Karmiel,Apartment in building
019069-0012-009-00,2025-05-11,900000,1.0,1995,70,3.0,900000,12857.142857142857,2025,2025-05-01,Karmiel,Apartment in building
021176-0042-002-00,2025-05-13,3400000,1.0,2028,168,5.0,3400000,20238.095238095237,2025,2025-05-01,Karmiel,Apartment in building
021176-0042-004-00,2025-05-13,3000000,1.0,2028,135,4.0,3000000,22222.222222222223,2025,2025-05-01,Karmiel,Apartment in building
021176-0042-003-00,2025-05-13,3100000,1.0,2028,135,4.0,3100000,22962.962962962964,2025,2025-05-01,Karmiel,Apartment in building
019062-0022-007-00,2025-05-19,1015000,1.0,1960,90,4.0,1015000,11277.777777777777,2025,2025-05-01,Karmiel,Apartment in building
019872-0017-181-00,2025-05-19,1700000,1.0,2001,85,4.0,1700000,20000.0,2025,2025-05-01,Karmiel,Apartment in building
019870-0002-005-00,2025-05-27,1880000,1.0,2000,130,4.0,1880000,14461.538461538461,2025,2025-05-01,Karmiel,Apartment in building
021176-0019-003-00,2025-05-27,2240000,1.0,2023,126,5.0,2240000,17777.777777777777,2025,2025-05-01,Karmiel,Apartment in building
021176-0036-002-00,2025-06-10,1605892,1.0,2026,117,4.0,1605892,13725.57264957265,2025,2025-06-01,Karmiel,Apartment in building
019875-0009-078-00,2025-05-15,1800000,1.0,2007,107,3.5,1800000,16822.429906542056,2025,2025-05-01,Karmiel,Apartment in building
019071-0003-009-00,2025-05-28,2125000,1.0,1994,120,4.0,2125000,17708.333333333332,2025,2025-05-01,Karmiel,Apartment in building
021176-0019-001-00,2025-05-29,2710000,1.0,2023,131,5.0,2710000,20687.022900763357,2025,2025-05-01,Karmiel,Apartment in building
019232-0030-030-00,2025-05-30,935000,0.666,2002,83,4.0,935000,11265.060240963856,2025,2025-05-01,Karmiel,Apartment in building
018999-0036-017-00,2025-06-03,782000,1.0,1960,73,3.0,782000,10712.328767123288,2025,2025-06-01,Karmiel,Apartment in building
019002-0066-004-00,2025-06-18,490000,0.5,1960,70,3.0,490000,7000.0,2025,2025-06-01,Karmiel,Apartment in building
019872-0004-020-00,2025-05-05,1830000,1.0,1998,120,4.0,1830000,15250.0,2025,2025-05-01,Karmiel,Apartment in building
019000-0012-005-00,2025-06-03,1060000,1.0,1990,60,3.0,1060000,17666.666666666668,2025,2025-06-01,Karmiel,Apartment in building
019071-0033-070-00,2025-06-05,925000,0.625,1990,80,6.0,925000,11562.5,2025,2025-06-01,Karmiel,Apartment in building
019071-0033-070-00,2025-06-05,555000,0.375,1990,80,6.0,555000,6937.5,2025,2025-06-01,Karmiel,Apartment in building
019071-0033-042-00,2025-06-19,1630000,1.0,2010,77,3.0,1630000,21168.83116883117,2025,2025-06-01,Karmiel,Apartment in building
019063-0043-021-00,2025-05-19,990000,1.0,1970,79,3.5,990000,12531.645569620254,2025,2025-05-01,Karmiel,Apartment in building
019232-0020-064-00,2025-05-21,1450000,1.0,2001,118,4.0,1450000,12288.135593220339,2025,2025-05-01,Karmiel,Apartment in building
019062-0003-026-00,2025-05-28,1280000,1.0,1980,80,3.0,1280000,16000.0,2025,2025-05-01,Karmiel,Apartment in building
019875-0019-000-00,2025-06-16,1670000,1.0,2021,105,3.0,1670000,15904.761904761905,2025,2025-06-01,Karmiel,Apartment in building
019003-0102-007-00,2025-06-17,1300000,1.0,1980,104,4.0,1300000,12500.0,2025,2025-06-01,Karmiel,Apartment in building
019067-0080-002-00,2025-05-20,438499,0.25,1990,105,4.0,438499,4176.1809523809525,2025,2025-05-01,Karmiel,Apartment in building
019870-0009-050-00,2025-05-21,756666,0.333,2000,120,5.0,756666,6305.55,2025,2025-05-01,Karmiel,Apartment in building
019870-0009-050-00,2025-05-21,756667,0.333,2000,120,5.0,756667,6305.558333333333,2025,2025-05-01,Karmiel,Apartment in building
019070-0028-004-00,2025-06-12,1400000,1.0,1980,90,4.0,1400000,15555.555555555555,2025,2025-06-01,Karmiel,Apartment in building
019062-0047-038-00,2025-05-05,330000,0.5,1970,38,2.0,330000,8684.21052631579,2025,2025-05-01,Karmiel,Apartment in building
021176-0036-008-00,2025-03-16,863145,1.0,2026,76,3.0,863145,11357.171052631578,2025,2025-03-01,Karmiel,Apartment in building
019062-0015-006-00,2025-03-17,1150000,1.0,1980,89,4.0,1150000,12921.348314606741,2025,2025-03-01,Karmiel,Apartment in building
018988-0273-036-00,2025-03-20,1150000,1.0,1980,92,4.0,1150000,12500.0,2025,2025-03-01,Karmiel,Apartment in building
021176-0036-009-00,2025-03-16,1080330,1.0,2026,110,4.0,1080330,9821.181818181818,2025,2025-03-01,Karmiel,Apartment in building
019022-0014-003-00,2025-03-26,1950000,1.0,1992,146,5.0,1950000,13356.164383561643,2025,2025-03-01,Karmiel,Apartment in building
019874-0007-043-00,2025-03-26,1650000,1.0,2000,101,4.0,1650000,16336.633663366336,2025,2025-03-01,Karmiel,Apartment in building
021176-0036-010-00,2025-03-30,1101107,1.0,2026,110,4.0,1101107,10010.063636363637,2025,2025-03-01,Karmiel,Apartment in building
021176-0017-002-00,2025-03-16,1253382,1.0,2026,123,5.0,1253382,10190.09756097561,2025,2025-03-01,Karmiel,Apartment in building
021176-0017-003-00,2025-03-16,1464006,1.0,2026,132,5.0,1464006,11090.954545454546,2025,2025-03-01,Karmiel,Apartment in building
021176-0035-002-00,2025-03-16,1560373,1.0,2026,133,5.0,1560373,11732.127819548872,2025,2025-03-01,Karmiel,Apartment in building
021176-0017-009-00,2025-03-16,1409783,1.0,2026,132,5.0,1409783,10680.174242424242,2025,2025-03-01,Karmiel,Apartment in building
021176-0013-009-00,2025-03-16,1107152,1.0,2026,110,4.0,1107152,10065.018181818183,2025,2025-03-01,Karmiel,Apartment in building
021176-0017-004-00,2025-03-16,830147,1.0,2026,79,3.0,830147,10508.189873417721,2025,2025-03-01,Karmiel,Apartment in building
021176-0017-001-00,2025-03-30,1496207,1.0,2026,133,5.0,1496207,11249.676691729323,2025,2025-03-01,Karmiel,Apartment in building
019000-0009-010-00,2025-04-03,950000,1.0,1970,79,3.5,950000,12025.316455696202,2025,2025-04-01,Karmiel,Apartment in building
021176-0036-004-00,2025-03-16,1276556,1.0,2026,130,5.0,1276556,9819.661538461538,2025,2025-03-01,Karmiel,Apartment in building
021176-0035-005-00,2025-03-16,1774041,1.0,2026,169,6.0,1774041,10497.284023668639,2025,2025-03-01,Karmiel,Apartment in building
021176-0035-001-00,2025-03-16,1552791,1.0,2026,133,5.0,1552791,11675.12030075188,2025,2025-03-01,Karmiel,Apartment in building
021176-0035-004-00,2025-03-16,805033,1.0,2026,77,3.0,805033,10454.974025974027,2025,2025-03-01,Karmiel,Apartment in building
021176-0013-002-00,2025-03-16,1209657,1.0,2026,121,5.0,1209657,9997.165289256198,2025,2025-03-01,Karmiel,Apartment in building
021176-0017-008-00,2025-03-16,1329150,1.0,2026,123,5.0,1329150,10806.09756097561,2025,2025-03-01,Karmiel,Apartment in building
021176-0035-003-00,2025-03-16,805033,1.0,2026,77,3.0,805033,10454.974025974027,2025,2025-03-01,Karmiel,Apartment in building
021176-0013-011-00,2025-03-30,1294988,1.0,2026,130,5.0,1294988,9961.446153846155,2025,2025-03-01,Karmiel,Apartment in building
021176-0017-002-00,2025-03-30,1496207,1.0,2026,133,5.0,1496207,11249.676691729323,2025,2025-03-01,Karmiel,Apartment in building
021176-0035-006-00,2025-03-30,1520641,1.0,2026,152,6.0,1520641,10004.217105263158,2025,2025-03-01,Karmiel,Apartment in building
021176-0013-002-00,2025-03-30,1289795,1.0,2026,130,5.0,1289795,9921.5,2025,2025-03-01,Karmiel,Apartment in building
021176-0036-002-00,2025-03-30,1459959,1.0,2026,133,5.0,1459959,10977.135338345865,2025,2025-03-01,Karmiel,Apartment in building
021176-0013-005-00,2025-03-30,772347,1.0,2026,75,3.0,772347,10297.96,2025,2025-03-01,Karmiel,Apartment in building
021176-0036-001-00,2025-03-30,1459959,1.0,2026,133,5.0,1459959,10977.135338345865,2025,2025-03-01,Karmiel,Apartment in building
021176-0013-005-00,2025-03-30,1107824,1.0,2026,110,4.0,1107824,10071.127272727274,2025,2025-03-01,Karmiel,Apartment in building
021176-0013-012-00,2025-03-30,1707549,1.0,2026,135,5.0,1707549,12648.511111111111,2025,2025-03-01,Karmiel,Apartment in building
021176-0017-005-00,2025-03-30,1558395,1.0,2026,152,6.0,1558395,10252.598684210527,2025,2025-03-01,Karmiel,Apartment in building
021176-0013-010-00,2025-03-30,1275843,1.0,2026,128,5.0,1275843,9967.5234375,2025,2025-03-01,Karmiel,Apartment in building
021176-0013-005-00,2025-03-30,1201663,1.0,2026,120,4.5,1201663,10013.858333333334,2025,2025-03-01,Karmiel,Apartment in building
021176-0036-006-00,2025-03-30,1520641,1.0,2026,152,6.0,1520641,10004.217105263158,2025,2025-03-01,Karmiel,Apartment in building
021176-0017-004-00,2025-03-30,1314703,1.0,2026,130,5.0,1314703,10113.1,2025,2025-03-01,Karmiel,Apartment in building
021176-0036-005-00,2025-03-30,1099212,1.0,2026,110,4.0,1099212,9992.836363636363,2025,2025-03-01,Karmiel,Apartment in building
021176-0013-008-00,2025-03-30,1294988,1.0,2026,130,5.0,1294988,9961.446153846155,2025,2025-03-01,Karmiel,Apartment in building
021176-0036-013-00,2025-03-31,1666182,1.0,2026,135,5.0,1666182,12342.08888888889,2025,2025-03-01,Karmiel,Apartment in building
021176-0017-006-00,2025-03-31,1558395,1.0,2026,152,6.0,1558395,10252.598684210527,2025,2025-03-01,Karmiel,Apartment in building
021176-0017-006-00,2025-03-31,801476,1.0,2026,78,3.0,801476,10275.333333333334,2025,2025-03-01,Karmiel,Apartment in building
021176-0013-010-00,2025-03-31,1109767,1.0,2026,110,4.0,1109767,10088.790909090909,2025,2025-03-01,Karmiel,Apartment in building
021176-0017-007-00,2025-03-31,1220285,1.0,2026,120,4.5,1220285,10169.041666666666,2025,2025-03-01,Karmiel,Apartment in building
021176-0035-004-00,2025-03-31,1675686,1.0,2026,111,4.0,1675686,15096.27027027027,2025,2025-03-01,Karmiel,Apartment in building
021176-0013-004-00,2025-03-31,1308249,1.0,2026,130,5.0,1308249,10063.453846153847,2025,2025-03-01,Karmiel,Apartment in building
021176-0013-004-00,2025-04-02,1303692,1.0,2026,130,5.0,1303692,10028.4,2025,2025-04-01,Karmiel,Apartment in building
021176-0017-003-00,2025-04-06,1496207,1.0,2026,133,5.0,1496207,11249.676691729323,2025,2025-04-01,Karmiel,Apartment in building
019062-0036-022-00,2025-04-06,960000,1.0,1970,87,3.5,960000,11034.48275862069,2025,2025-04-01,Karmiel,Apartment in building
019875-0009-069-00,2025-04-09,1600000,1.0,2007,123,4.0,1600000,13008.130081300813,2025,2025-04-01,Karmiel,Apartment in building
019870-0002-054-00,2025-04-10,1630000,1.0,2002,108,4.0,1630000,15092.592592592593,2025,2025-04-01,Karmiel,Apartment in building
021176-0017-006-00,2025-04-16,1259957,1.0,2026,124,5.0,1259957,10160.943548387097,2025,2025-04-01,Karmiel,Apartment in building
019875-0009-040-00,2025-04-15,2120000,1.0,2015,139,5.0,2120000,15251.79856115108,2025,2025-04-01,Karmiel,Apartment in building
019872-0016-020-00,2025-03-25,1350000,1.0,1995,75,3.0,1350000,18000.0,2025,2025-03-01,Karmiel,Apartment in building
019000-0009-008-00,2025-03-26,675000,0.5,1970,86,3.5,675000,7848.837209302325,2025,2025-03-01,Karmiel,Apartment in building
019875-0041-000-00,2025-03-18,2070000,1.0,2008,115,4.0,2070000,18000.0,2025,2025-03-01,Karmiel,Apartment in building
021176-0019-001-00,2025-03-23,2650000,1.0,2023,125,5.0,2650000,21200.0,2025,2025-03-01,Karmiel,Apartment in building
018998-0002-008-00,2025-03-25,950000,1.0,1970,80,3.0,950000,11875.0,2025,2025-03-01,Karmiel,Apartment in building
019000-0005-013-00,2025-04-01,1170000,1.0,1991,87,4.0,1170000,13448.275862068966,2025,2025-04-01,Karmiel,Apartment in building
019022-0032-002-00,2025-04-02,2250000,1.0,1996,148,5.0,2250000,15202.702702702703,2025,2025-04-01,Karmiel,Apartment in building
019063-0057-004-00,2025-04-04,970000,1.0,1960,75,3.0,970000,12933.333333333334,2025,2025-04-01,Karmiel,Apartment in building
019021-0010-001-00,2025-04-07,1870000,1.0,1970,110,4.0,1870000,17000.0,2025,2025-04-01,Karmiel,Apartment in building
018988-0192-029-00,2025-04-08,950000,1.0,1970,73,3.0,950000,13013.698630136987,2025,2025-04-01,Karmiel,Apartment in building
018988-0203-001-00,2025-03-19,650000,0.5,1970,133,4.0,650000,4887.2180451127815,2025,2025-03-01,Karmiel,Apartment in building
019062-0023-023-00,2025-03-23,700000,1.0,1980,86,3.0,700000,8139.53488372093,2025,2025-03-01,Karmiel,Apartment in building
019062-0008-029-00,2025-03-25,690000,0.75,1980,86,3.0,690000,8023.2558139534885,2025,2025-03-01,Karmiel,Apartment in building
019062-0008-029-00,2025-03-25,230000,0.25,1980,86,3.0,230000,2674.4186046511627,2025,2025-03-01,Karmiel,Apartment in building
021176-0040-000-00,2025-03-26,1690000,1.0,2021,115,3.0,1690000,14695.652173913044,2025,2025-03-01,Karmiel,Apartment in building
019062-0084-008-00,2025-03-26,1325000,1.0,1982,75,4.0,1325000,17666.666666666668,2025,2025-03-01,Karmiel,Apartment in building
019870-0017-003-00,2025-03-28,2520000,1.0,2005,156,5.0,2520000,16153.846153846154,2025,2025-03-01,Karmiel,Apartment in building
019063-0051-011-00,2025-04-10,1170000,1.0,1990,79,3.0,1170000,14810.12658227848,2025,2025-04-01,Karmiel,Apartment in building
019871-0008-021-00,2025-04-10,499999,0.25,2017,150,5.0,499999,3333.326666666667,2025,2025-04-01,Karmiel,Apartment in building
019069-0011-017-00,2025-04-14,1100000,1.0,1993,73,3.0,1100000,15068.493150684932,2025,2025-04-01,Karmiel,Apartment in building
019874-0141-006-00,2025-04-17,2360000,1.0,2019,110,4.0,2360000,21454.545454545456,2025,2025-04-01,Karmiel,Apartment in building
019232-0059-019-00,2025-03-30,1130000,1.0,2004,60,2.0,1130000,18833.333333333332,2025,2025-03-01,Karmiel,Apartment in building
018997-0135-000-00,2025-04-03,1970000,1.0,2001,163,5.0,1970000,12085.889570552148,2025,2025-04-01,Karmiel,Apartment in building
019023-0016-000-00,2025-04-11,2370000,1.0,1990,230,7.0,2370000,10304.347826086956,2025,2025-04-01,Karmiel,Two-family cottage
019876-0026-003-00,2025-04-14,980000,1.0,1980,58,3.0,980000,16896.55172413793,2025,2025-04-01,Karmiel,Apartment in building
019062-0074-024-00,2025-04-22,1200000,1.0,1970,92,4.0,1200000,13043.478260869566,2025,2025-04-01,Karmiel,Apartment in building
021176-0017-001-00,2025-03-16,1852771,1.0,2026,123,5.0,1852771,15063.178861788618,2025,2025-03-01,Karmiel,Apartment in building
021176-0035-003-00,2025-03-16,1442436,1.0,2026,111,4.0,1442436,12994.918918918918,2025,2025-03-01,Karmiel,Apartment in building
019062-0074-002-00,2025-03-25,1017000,1.0,1980,84,4.0,1017000,12107.142857142857,2025,2025-03-01,Karmiel,Apartment in building
019070-0005-000-00,2025-03-27,1400000,1.0,2011,106,5.0,1400000,13207.547169811322,2025,2025-03-01,Karmiel,Apartment in building
021176-0036-006-00,2025-03-30,1330567,1.0,2026,110,4.0,1330567,12096.063636363637,2025,2025-03-01,Karmiel,Apartment in building
021176-0017-005-00,2025-03-31,1215307,1.0,2026,78,3.0,1215307,15580.858974358975,2025,2025-03-01,Karmiel,Apartment in building
021176-0042-014-00,2025-04-06,1970000,1.0,2028,114,4.0,1970000,17280.701754385966,2025,2025-04-01,Karmiel,Apartment in building
018997-0014-036-00,2025-04-08,905000,1.0,1985,79,4.0,905000,11455.696202531646,2025,2025-04-01,Karmiel,Apartment in building
019067-0177-037-00,2025-04-09,658000,0.5,1990,80,3.0,658000,8225.0,2025,2025-04-01,Karmiel,Apartment in building
019070-0033-000-00,2025-04-09,625000,0.5,1990,79,2.0,625000,7911.392405063291,2025,2025-04-01,Karmiel,Apartment in building
019070-0033-000-00,2025-04-09,208333,0.166,1990,79,2.0,208333,2637.1265822784812,2025,2025-04-01,Karmiel,Apartment in building
019070-0033-000-00,2025-04-09,416666,0.333,1990,79,2.0,416666,5274.2531645569625,2025,2025-04-01,Karmiel,Apartment in building
021176-0046-000-00,2025-04-09,1600000,1.0,2020,87,3.0,1600000,18390.80459770115,2025,2025-04-01,Karmiel,Apartment in building
019067-0178-012-00,2025-04-15,1050000,1.0,2000,80,3.0,1050000,13125.0,2025,2025-04-01,Karmiel,Apartment in building
018965-0153-000-00,2025-03-23,2850000,1.0,1980,275,6.0,2850000,10363.636363636364,2025,2025-03-01,Karmiel,Apartment in building
021176-0017-007-00,2025-03-30,1380608,1.0,2026,130,5.0,1380608,10620.061538461538,2025,2025-03-01,Karmiel,Apartment in building
021176-0017-002-00,2025-03-30,2301474,1.0,2026,182,6.0,2301474,12645.461538461539,2025,2025-03-01,Karmiel,Apartment in building
021176-0036-001-00,2025-03-30,1581998,1.0,2026,117,4.0,1581998,13521.350427350428,2025,2025-03-01,Karmiel,Apartment in building
021176-0013-006-00,2025-03-30,1397204,1.0,2026,110,4.0,1397204,12701.854545454546,2025,2025-03-01,Karmiel,Apartment in building
021176-0036-002-00,2025-03-30,1629758,1.0,2026,117,4.0,1629758,13929.555555555555,2025,2025-03-01,Karmiel,Apartment in building
021176-0035-001-00,2025-03-31,1524369,1.0,2026,117,4.0,1524369,13028.794871794871,2025,2025-03-01,Karmiel,Apartment in building
021176-0013-003-00,2025-03-31,1548431,1.0,2026,120,4.5,1548431,12903.591666666667,2025,2025-03-01,Karmiel,Apartment in building
019870-0002-022-00,2025-04-08,1600000,1.0,2000,112,5.0,1600000,14285.714285714286,2025,2025-04-01,Karmiel,Apartment in building
021176-0017-001-00,2025-04-09,2174249,1.0,2026,182,6.0,2174249,11946.423076923076,2025,2025-04-01,Karmiel,Apartment in building
019875-0014-000-00,2025-04-15,2340000,1.0,2012,130,5.0,2340000,18000.0,2025,2025-04-01,Karmiel,Apartment in building
019232-0018-093-00,2025-04-21,1500000,1.0,2002,88,3.5,1500000,17045.454545454544,2025,2025-04-01,Karmiel,Apartment in building
019875-0010-055-00,2025-04-03,1560000,1.0,2008,78,3.0,1560000,20000.0,2025,2025-04-01,Karmiel,Apartment in building
019068-0087-000-00,2025-04-07,3100000,1.0,2001,150,5.0,3100000,20666.666666666668,2025,2025-04-01,Karmiel,Apartment in building
019872-0007-021-00,2025-04-22,1790000,1.0,2002,101,5.0,1790000,17722.772277227723,2025,2025-04-01,Karmiel,Apartment in building
018947-0052-000-00,2025-03-18,3660000,1.0,1988,247,6.0,3660000,14817.813765182187,2025,2025-03-01,Karmiel,Apartment in building
019062-0058-011-00,2025-03-19,930000,1.0,1980,71,3.0,930000,13098.591549295774,2025,2025-03-01,Karmiel,Apartment in building
019872-0014-027-00,2025-03-20,1270000,1.0,2000,82,3.0,1270000,15487.80487804878,2025,2025-03-01,Karmiel,Apartment in building
018988-0193-027-00,2025-03-25,1190000,1.0,1985,96,3.0,1190000,12395.833333333334,2025,2025-03-01,Karmiel,Apartment in building
019021-0053-013-00,2025-04-07,1300000,1.0,1992,105,4.0,1300000,12380.952380952382,2025,2025-04-01,Karmiel,Apartment in building
019003-0020-046-00,2025-04-10,800000,1.0,1970,51,3.0,800000,15686.274509803921,2025,2025-04-01,Karmiel,Apartment in building
019061-0024-003-00,2025-04-06,2000000,1.0,1985,171,5.0,2000000,11695.906432748538,2025,2025-04-01,Karmiel,Apartment in building
021176-0042-009-00,2025-02-17,2045000,1.0,2028,114,4.0,2045000,17938.59649122807,2025,2025-02-01,Karmiel,Apartment in building
019062-0012-027-00,2025-02-20,918000,1.0,1980,70,3.0,918000,13114.285714285714,2025,2025-02-01,Karmiel,Apartment in building
019002-0069-002-00,2025-02-17,1280000,1.0,1970,115,4.5,1280000,11130.434782608696,2025,2025-02-01,Karmiel,Apartment in building
018988-0202-010-00,2025-02-23,1300000,1.0,1988,108,4.0,1300000,12037.037037037036,2025,2025-02-01,Karmiel,Apartment in building
018997-0007-002-00,2025-03-11,1000000,1.0,1970,60,3.0,1000000,16666.666666666668,2025,2025-03-01,Karmiel,Apartment in building
021176-0019-002-00,2025-03-11,2650000,1.0,2023,125,5.0,2650000,21200.0,2025,2025-03-01,Karmiel,Apartment in building
021176-0036-007-00,2025-03-04,852282,1.0,2026,76,3.0,852282,11214.236842105263,2025,2025-03-01,Karmiel,Apartment in building
021176-0036-008-00,2025-03-04,834057,1.0,2026,76,3.0,834057,10974.434210526315,2025,2025-03-01,Karmiel,Apartment in building
021176-0036-006-00,2025-03-04,1180571,1.0,2026,111,4.0,1180571,10635.774774774774,2025,2025-03-01,Karmiel,Apartment in building
021176-0036-003-00,2025-03-09,1624299,1.0,2026,132,5.0,1624299,12305.295454545454,2025,2025-03-01,Karmiel,Apartment in building
019069-0012-023-00,2025-03-11,1200000,1.0,1993,110,4.0,1200000,10909.09090909091,2025,2025-03-01,Karmiel,Apartment in building
018988-0198-006-00,2025-02-19,1000000,1.0,1970,91,4.0,1000000,10989.010989010989,2025,2025-02-01,Karmiel,Apartment in building
018988-0198-018-00,2025-02-20,1200000,1.0,2000,72,3.0,1200000,16666.666666666668,2025,2025-02-01,Karmiel,Apartment in building
019071-0049-006-00,2025-02-20,1100000,1.0,2010,77,3.0,1100000,14285.714285714286,2025,2025-02-01,Karmiel,Apartment in building
021176-0017-003-00,2025-03-04,858416,1.0,2026,77,3.0,858416,11148.25974025974,2025,2025-03-01,Karmiel,Apartment in building
021176-0036-005-00,2025-03-04,1180571,1.0,2026,111,4.0,1180571,10635.774774774774,2025,2025-03-01,Karmiel,Apartment in building
021176-0017-004-00,2025-03-04,1552932,1.0,2026,132,5.0,1552932,11764.636363636364,2025,2025-03-01,Karmiel,Apartment in building
021176-0035-004-00,2025-03-04,1363510,1.0,2026,111,4.0,1363510,12283.873873873874,2025,2025-03-01,Karmiel,Apartment in building
021176-0035-005-00,2025-03-04,1803894,1.0,2026,169,6.0,1803894,10673.92899408284,2025,2025-03-01,Karmiel,Apartment in building
021176-0013-011-00,2025-03-04,1322202,1.0,2026,123,5.0,1322202,10749.609756097561,2025,2025-03-01,Karmiel,Apartment in building
021176-0017-005-00,2025-03-06,1558395,1.0,2026,152,6.0,1558395,10252.598684210527,2025,2025-03-01,Karmiel,Apartment in building
021176-0017-004-00,2025-03-06,825020,1.0,2026,77,3.0,825020,10714.545454545454,2025,2025-03-01,Karmiel,Apartment in building
021176-0036-008-00,2025-03-06,852282,1.0,2026,76,3.0,852282,11214.236842105263,2025,2025-03-01,Karmiel,Apartment in building
021176-0036-012-00,2025-03-06,1666182,1.0,2026,135,5.0,1666182,12342.08888888889,2025,2025-03-01,Karmiel,Apartment in building
021176-0036-004-00,2025-03-06,1629548,1.0,2026,132,5.0,1629548,12345.060606060606,2025,2025-03-01,Karmiel,Apartment in building
021176-0036-003-00,2025-03-06,1631845,1.0,2026,132,5.0,1631845,12362.462121212122,2025,2025-03-01,Karmiel,Apartment in building
021176-0036-003-00,2025-03-06,805003,1.0,2026,77,3.0,805003,10454.584415584415,2025,2025-03-01,Karmiel,Apartment in building
021176-0017-004-00,2025-03-09,825020,1.0,2026,77,3.0,825020,10714.545454545454,2025,2025-03-01,Karmiel,Apartment in building
021176-0036-011-00,2025-03-09,1263615,1.0,2026,130,5.0,1263615,9720.115384615385,2025,2025-03-01,Karmiel,Apartment in building
021176-0017-003-00,2025-03-09,825020,1.0,2026,77,3.0,825020,10714.545454545454,2025,2025-03-01,Karmiel,Apartment in building
021176-0017-003-00,2025-03-09,1255409,1.0,2026,127,5.0,1255409,9885.110236220473,2025,2025-03-01,Karmiel,Apartment in building
021176-0036-008-00,2025-03-09,1263615,1.0,2026,130,5.0,1263615,9720.115384615385,2025,2025-03-01,Karmiel,Apartment in building
021176-0036-002-00,2025-03-09,1459959,1.0,2026,133,5.0,1459959,10977.135338345865,2025,2025-03-01,Karmiel,Apartment in building
021176-0036-006-00,2025-03-09,1180571,1.0,2026,111,4.0,1180571,10635.774774774774,2025,2025-03-01,Karmiel,Apartment in building
019062-0031-034-00,2025-03-12,940000,1.0,1980,79,3.5,940000,11898.73417721519,2025,2025-03-01,Karmiel,Apartment in building
019023-0017-000-00,2025-02-21,2600000,1.0,1990,173,6.0,2600000,15028.901734104047,2025,2025-02-01,Karmiel,Two-family cottage
019003-0005-009-00,2025-02-23,850000,1.0,1970,67,3.0,850000,12686.567164179105,2025,2025-02-01,Karmiel,Apartment in building
021176-0035-004-00,2025-03-04,1328872,1.0,2026,111,4.0,1328872,11971.81981981982,2025,2025-03-01,Karmiel,Apartment in building
021176-0035-004-00,2025-03-04,837620,1.0,2026,77,3.0,837620,10878.181818181818,2025,2025-03-01,Karmiel,Apartment in building
021176-0035-005-00,2025-03-04,1774041,1.0,2026,169,6.0,1774041,10497.284023668639,2025,2025-03-01,Karmiel,Apartment in building
021176-0036-004-00,2025-03-04,805033,1.0,2026,77,3.0,805033,10454.974025974027,2025,2025-03-01,Karmiel,Apartment in building
021176-0036-003-00,2025-03-04,837620,1.0,2026,77,3.0,837620,10878.181818181818,2025,2025-03-01,Karmiel,Apartment in building
021176-0035-003-00,2025-03-04,837620,1.0,2026,77,3.0,837620,10878.181818181818,2025,2025-03-01,Karmiel,Apartment in building
021176-0017-008-00,2025-03-04,1330159,1.0,2026,123,5.0,1330159,10814.30081300813,2025,2025-03-01,Karmiel,Apartment in building
021176-0036-003-00,2025-03-04,1562241,1.0,2026,132,5.0,1562241,11835.15909090909,2025,2025-03-01,Karmiel,Apartment in building
021176-0035-003-00,2025-03-04,1368103,1.0,2026,111,4.0,1368103,12325.252252252252,2025,2025-03-01,Karmiel,Apartment in building
021176-0035-003-00,2025-03-04,1441041,1.0,2026,111,4.0,1441041,12982.351351351352,2025,2025-03-01,Karmiel,Apartment in building
021176-0035-004-00,2025-03-04,1331524,1.0,2026,111,4.0,1331524,11995.711711711712,2025,2025-03-01,Karmiel,Apartment in building
021176-0013-012-00,2025-03-04,1388378,1.0,2026,130,5.0,1388378,10679.83076923077,2025,2025-03-01,Karmiel,Apartment in building
021176-0036-004-00,2025-03-04,1641359,1.0,2026,132,5.0,1641359,12434.537878787878,2025,2025-03-01,Karmiel,Apartment in building
021176-0035-001-00,2025-03-04,1532315,1.0,2026,133,5.0,1532315,11521.165413533834,2025,2025-03-01,Karmiel,Apartment in building
021176-0017-005-00,2025-03-06,1243352,1.0,2026,122,5.0,1243352,10191.409836065573,2025,2025-03-01,Karmiel,Apartment in building
021176-0017-004-00,2025-03-06,1464482,1.0,2026,132,5.0,1464482,11094.560606060606,2025,2025-03-01,Karmiel,Apartment in building
021176-0017-006-00,2025-03-06,1209881,1.0,2026,111,4.0,1209881,10899.82882882883,2025,2025-03-01,Karmiel,Apartment in building
021176-0013-008-00,2025-03-06,772347,1.0,2026,75,3.0,772347,10297.96,2025,2025-03-01,Karmiel,Apartment in building
021176-0035-002-00,2025-03-06,1560373,1.0,2026,133,5.0,1560373,11732.127819548872,2025,2025-03-01,Karmiel,Apartment in building
021176-0035-002-00,2025-03-06,1582791,1.0,2026,133,5.0,1582791,11900.684210526315,2025,2025-03-01,Karmiel,Apartment in building
021176-0035-005-00,2025-03-06,1774041,1.0,2026,169,6.0,1774041,10497.284023668639,2025,2025-03-01,Karmiel,Apartment in building
021176-0035-001-00,2025-03-06,1562934,1.0,2026,133,5.0,1562934,11751.383458646616,2025,2025-03-01,Karmiel,Apartment in building
021176-0035-004-00,2025-03-06,1442190,1.0,2026,111,4.0,1442190,12992.702702702703,2025,2025-03-01,Karmiel,Apartment in building
021176-0035-003-00,2025-03-06,1417831,1.0,2026,111,4.0,1417831,12773.252252252252,2025,2025-03-01,Karmiel,Apartment in building
021176-0036-005-00,2025-03-06,1520641,1.0,2026,152,6.0,1520641,10004.217105263158,2025,2025-03-01,Karmiel,Apartment in building
021176-0036-004-00,2025-03-06,1624053,1.0,2026,132,5.0,1624053,12303.431818181818,2025,2025-03-01,Karmiel,Apartment in building
021176-0035-002-00,2025-03-06,1796467,1.0,2026,133,5.0,1796467,13507.270676691729,2025,2025-03-01,Karmiel,Apartment in building
021176-0036-005-00,2025-03-06,1180571,1.0,2026,111,4.0,1180571,10635.774774774774,2025,2025-03-01,Karmiel,Apartment in building
021176-0013-007-00,2025-03-06,1409783,1.0,2026,132,5.0,1409783,10680.174242424242,2025,2025-03-01,Karmiel,Apartment in building
021176-0017-005-00,2025-03-09,1209881,1.0,2026,111,4.0,1209881,10899.82882882883,2025,2025-03-01,Karmiel,Apartment in building
021176-0017-006-00,2025-03-09,1209881,1.0,2026,111,4.0,1209881,10899.82882882883,2025,2025-03-01,Karmiel,Apartment in building
021176-0013-004-00,2025-03-09,1254494,1.0,2026,123,5.0,1254494,10199.138211382115,2025,2025-03-01,Karmiel,Apartment in building
021176-0013-006-00,2025-03-09,1225421,1.0,2026,123,5.0,1225421,9962.772357723577,2025,2025-03-01,Karmiel,Apartment in building
019872-0008-047-00,2025-03-09,1670000,1.0,1998,113,4.0,1670000,14778.761061946903,2025,2025-03-01,Karmiel,Apartment in building
021176-0017-009-00,2025-03-09,1409260,1.0,2026,132,5.0,1409260,10676.212121212122,2025,2025-03-01,Karmiel,Apartment in building
021176-0035-003-00,2025-03-09,805033,1.0,2026,77,3.0,805033,10454.974025974027,2025,2025-03-01,Karmiel,Apartment in building
021176-0036-004-00,2025-03-09,805033,1.0,2026,77,3.0,805033,10454.974025974027,2025,2025-03-01,Karmiel,Apartment in building
021176-0035-004-00,2025-03-09,1443529,1.0,2026,111,4.0,1443529,13004.765765765766,2025,2025-03-01,Karmiel,Apartment in building
021176-0013-006-00,2025-03-09,809125,1.0,2026,78,3.0,809125,10373.397435897436,2025,2025-03-01,Karmiel,Apartment in building
021176-0013-003-00,2025-03-10,773842,1.0,2026,75,3.0,773842,10317.893333333333,2025,2025-03-01,Karmiel,Apartment in building
019875-0041-000-00,2025-02-18,1745000,1.0,2007,115,4.0,1745000,15173.91304347826,2025,2025-02-01,Karmiel,Apartment in building
018987-0371-002-00,2025-02-24,2120000,1.0,1993,120,5.0,2120000,17666.666666666668,2025,2025-02-01,Karmiel,Apartment in building
019023-0085-000-00,2025-03-03,2875000,1.0,2018,140,5.0,2875000,20535.714285714286,2025,2025-03-01,Karmiel,Apartment in building
021176-0017-005-00,2025-03-06,1209881,1.0,2026,111,4.0,1209881,10899.82882882883,2025,2025-03-01,Karmiel,Apartment in building
021176-0035-004-00,2025-03-09,805033,1.0,2026,77,3.0,805033,10454.974025974027,2025,2025-03-01,Karmiel,Apartment in building
021176-0013-008-00,2025-03-09,1288338,1.0,2026,121,4.5,1288338,10647.421487603306,2025,2025-03-01,Karmiel,Apartment in building
021176-0035-001-00,2025-03-09,1736068,1.0,2026,133,5.0,1736068,13053.142857142857,2025,2025-03-01,Karmiel,Apartment in building
021176-0035-001-00,2025-03-09,1564055,1.0,2026,133,5.0,1564055,11759.812030075187,2025,2025-03-01,Karmiel,Apartment in building
021176-0035-003-00,2025-03-09,1322393,1.0,2026,111,4.0,1322393,11913.450450450451,2025,2025-03-01,Karmiel,Apartment in building
021176-0035-002-00,2025-03-09,1547880,1.0,2026,133,5.0,1547880,11638.195488721805,2025,2025-03-01,Karmiel,Apartment in building
021176-0035-002-00,2025-03-09,1555206,1.0,2026,133,5.0,1555206,11693.278195488721,2025,2025-03-01,Karmiel,Apartment in building
018988-0192-040-00,2025-02-23,770000,1.0,1970,54,3.0,770000,14259.25925925926,2025,2025-02-01,Karmiel,Apartment in building
019875-0041-000-00,2025-02-27,2100000,1.0,2009,135,5.0,2100000,15555.555555555555,2025,2025-02-01,Karmiel,Apartment in building
021176-0046-000-00,2025-03-03,2230000,1.0,2018,150,5.0,2230000,14866.666666666666,2025,2025-03-01,Karmiel,Apartment in building
019874-0141-005-00,2025-03-03,2245000,1.0,2019,130,4.0,2245000,17269.23076923077,2025,2025-03-01,Karmiel,Apartment in building
021176-0042-001-00,2025-03-04,2611590,1.0,2028,131,4.0,2611590,19935.801526717558,2025,2025-03-01,Karmiel,Apartment in building
019062-0023-026-00,2025-02-19,1000000,1.0,1980,90,3.0,1000000,11111.111111111111,2025,2025-02-01,Karmiel,Apartment in building
019873-0018-000-00,2025-02-23,700000,0.5,1995,100,4.0,700000,7000.0,2025,2025-02-01,Karmiel,Apartment in building
019876-0021-022-00,2025-02-23,80000,0.083,1980,90,3.0,80000,888.8888888888889,2025,2025-02-01,Karmiel,Apartment in building
018998-0021-037-00,2025-02-25,820000,1.0,1983,50,2.0,820000,16400.0,2025,2025-02-01,Karmiel,Apartment in building
019875-0010-058-00,2025-03-02,3300000,1.0,2008,186,5.0,3300000,17741.935483870966,2025,2025-03-01,Karmiel,Apartment in building
018991-0095-004-00,2025-03-05,3000000,1.0,1995,180,5.0,3000000,16666.666666666668,2025,2025-03-01,Karmiel,Apartment in building
018948-0073-000-00,2025-03-06,3425000,1.0,1992,248,5.0,3425000,13810.483870967742,2025,2025-03-01,Karmiel,Apartment in building
019067-0115-001-00,2025-03-09,2270000,1.0,1993,122,5.0,2270000,18606.55737704918,2025,2025-03-01,Karmiel,Two-family cottage
019875-0019-000-00,2025-03-10,1690000,1.0,2022,195,3.0,1690000,8666.666666666666,2025,2025-03-01,Karmiel,Apartment in building
019872-0013-020-00,2025-02-18,1500000,1.0,2008,165,5.0,1500000,9090.90909090909,2025,2025-02-01,Karmiel,Apartment in building
019071-0033-079-00,2025-02-27,1480000,1.0,1995,98,4.5,1480000,15102.040816326531,2025,2025-02-01,Karmiel,Apartment in building
021176-0046-000-00,2025-02-27,2150000,1.0,2020,147,6.0,2150000,14625.850340136054,2025,2025-02-01,Karmiel,Apartment in building
021176-0036-003-00,2025-03-04,1307129,1.0,2026,110,4.0,1307129,11882.99090909091,2025,2025-03-01,Karmiel,Apartment in building
021176-0036-007-00,2025-03-06,1756116,1.0,2026,130,5.0,1756116,13508.584615384616,2025,2025-03-01,Karmiel,Apartment in building
021176-0017-008-00,2025-03-09,1160282,1.0,2026,76,3.0,1160282,15266.868421052632,2025,2025-03-01,Karmiel,Apartment in building
021176-0035-002-00,2025-03-09,1513461,1.0,2026,117,4.0,1513461,12935.564102564103,2025,2025-03-01,Karmiel,Apartment in building
019067-0185-002-00,2025-03-10,425000,0.5,1994,93,4.0,425000,4569.89247311828,2025,2025-03-01,Karmiel,Apartment in building
019870-0002-057-00,2025-03-03,726000,0.5,2000,110,3.0,726000,6600.0,2025,2025-03-01,Karmiel,Apartment in building
021176-0013-003-00,2025-03-06,1311406,1.0,2026,110,4.0,1311406,11921.872727272726,2025,2025-03-01,Karmiel,Apartment in building
021176-0017-007-00,2025-03-06,1096431,1.0,2026,76,3.0,1096431,14426.723684210527,2025,2025-03-01,Karmiel,Apartment in building
021176-0017-008-00,2025-03-06,1035027,1.0,2026,76,3.0,1035027,13618.776315789473,2025,2025-03-01,Karmiel,Apartment in building
021176-0013-007-00,2025-03-09,1427322,1.0,2026,129,5.0,1427322,11064.511627906977,2025,2025-03-01,Karmiel,Apartment in building
021176-0013-001-00,2025-03-04,1079004,1.0,2026,75,3.0,1079004,14386.72,2025,2025-03-01,Karmiel,Apartment in building
021176-0013-002-00,2025-03-04,1612879,1.0,2026,123,5.0,1612879,13112.837398373984,2025,2025-03-01,Karmiel,Apartment in building
021176-0017-007-00,2025-03-04,1078500,1.0,2026,76,3.0,1078500,14190.78947368421,2025,2025-03-01,Karmiel,Apartment in building
021176-0017-002-00,2025-03-04,1104201,1.0,2026,79,3.0,1104201,13977.227848101265,2025,2025-03-01,Karmiel,Apartment in building
021176-0035-002-00,2025-03-09,1498069,1.0,2026,117,4.0,1498069,12804.008547008547,2025,2025-03-01,Karmiel,Apartment in building
019875-0009-109-00,2025-03-11,1700000,1.0,2007,119,4.5,1700000,14285.714285714286,2025,2025-03-01,Karmiel,Apartment in building
021176-0013-001-00,2025-03-06,1375126,1.0,2026,122,5.0,1375126,11271.524590163934,2025,2025-03-01,Karmiel,Apartment in building
021176-0036-001-00,2025-03-06,1768646,1.0,2026,130,5.0,1768646,13604.969230769231,2025,2025-03-01,Karmiel,Apartment in building
021176-0013-001-00,2025-03-06,1589205,1.0,2026,130,5.0,1589205,12224.653846153846,2025,2025-03-01,Karmiel,Apartment in building
021176-0013-009-00,2025-03-09,1244099,1.0,2026,123,5.0,1244099,10114.626016260163,2025,2025-03-01,Karmiel,Apartment in building
021176-0013-007-00,2025-03-09,1652794,1.0,2026,130,5.0,1652794,12713.8,2025,2025-03-01,Karmiel,Apartment in building
019070-0033-017-00,2025-02-19,1150000,1.0,1990,75,3.0,1150000,15333.333333333334,2025,2025-02-01,Karmiel,Apartment in building
019062-0006-024-00,2025-03-12,1020000,1.0,1980,90,3.0,1020000,11333.333333333334,2025,2025-03-01,Karmiel,Apartment in building
019003-0020-060-00,2025-03-14,300000,0.5,1960,40,2.0,300000,7500.0,2025,2025-03-01,Karmiel,Apartment in building
019874-0139-026-00,2025-02-25,2330000,1.0,2016,168,5.0,2330000,13869.047619047618,2025,2025-02-01,Karmiel,Apartment in building
019946-0172-000-00,2025-02-27,5005500,1.0,2016,212,6.0,5005500,23610.849056603773,2025,2025-02-01,Karmiel,Detached house
018999-0012-010-00,2025-03-02,1200000,1.0,1980,85,3.5,1200000,14117.64705882353,2025,2025-03-01,Karmiel,Apartment in building
019872-0009-032-00,2025-03-10,1635000,1.0,2008,119,4.0,1635000,13739.495798319327,2025,2025-03-01,Karmiel,Apartment in building
019875-0012-021-00,2025-01-08,1005000,0.5,2005,100,4.0,1005000,10050.0,2025,2025-01-01,Karmiel,Apartment in building
021176-0019-005-00,2025-01-06,3560000,1.0,2023,156,6.0,3560000,22820.51282051282,2025,2025-01-01,Karmiel,Apartment in building
019232-0018-049-00,2025-01-05,1800000,1.0,2002,118,5.0,1800000,15254.237288135593,2025,2025-01-01,Karmiel,Apartment in building
019232-0030-055-00,2025-01-09,1590000,1.0,2003,102,3.5,1590000,15588.235294117647,2025,2025-01-01,Karmiel,Apartment in building
021176-0042-013-00,2025-01-19,1970000,1.0,2024,114,4.0,1970000,17280.701754385966,2025,2025-01-01,Karmiel,Apartment in building
019062-0075-009-00,2025-01-13,1150000,1.0,1982,94,4.0,1150000,12234.04255319149,2025,2025-01-01,Karmiel,Apartment in building
019071-0060-026-00,2025-01-24,1500000,1.0,1992,100,4.0,1500000,15000.0,2025,2025-01-01,Karmiel,Apartment in building
019062-0007-005-00,2025-01-02,1100000,1.0,1980,77,3.0,1100000,14285.714285714286,2025,2025-01-01,Karmiel,Apartment in building
019870-0005-017-00,2025-01-07,1950000,1.0,1998,133,4.0,1950000,14661.654135338345,2025,2025-01-01,Karmiel,Apartment in building
019069-0016-005-00,2025-01-09,1090000,1.0,1993,82,3.0,1090000,13292.682926829268,2025,2025-01-01,Karmiel,Apartment in building
018999-0035-049-00,2025-02-03,1150000,1.0,1980,96,4.0,1150000,11979.166666666666,2025,2025-02-01,Karmiel,Apartment in building
019875-0009-141-00,2025-02-04,1825000,1.0,2011,121,4.5,1825000,15082.644628099173,2025,2025-02-01,Karmiel,Apartment in building
018983-0386-002-00,2025-01-09,2100000,1.0,2000,130,5.0,2100000,16153.846153846154,2025,2025-01-01,Karmiel,Apartment in building
019072-0045-004-00,2025-01-13,1285000,1.0,1993,92,3.5,1285000,13967.391304347826,2025,2025-01-01,Karmiel,Apartment in building
018987-0318-000-00,2025-01-14,4100000,1.0,1991,229,7.0,4100000,17903.930131004367,2025,2025-01-01,Karmiel,Single-family cottage
018997-0017-003-00,2025-01-15,1355000,1.0,1981,81,4.0,1355000,16728.395061728395,2025,2025-01-01,Karmiel,Apartment in building
019873-0005-016-00,2025-01-20,1430000,1.0,2001,109,3.0,1430000,13119.266055045871,2025,2025-01-01,Karmiel,Apartment in building
019873-0015-038-00,2025-01-20,1650000,1.0,1998,100,4.0,1650000,16500.0,2025,2025-01-01,Karmiel,Apartment in building
019874-0005-010-00,2025-01-28,1650000,1.0,1998,120,4.0,1650000,13750.0,2025,2025-01-01,Karmiel,Apartment in building
019874-0009-053-00,2025-02-04,1580000,1.0,1989,97,4.0,1580000,16288.659793814433,2025,2025-02-01,Karmiel,Apartment in building
019067-0181-003-00,2025-01-02,1400000,1.0,1995,101,3.0,1400000,13861.386138613861,2025,2025-01-01,Karmiel,Apartment in building
019873-0007-024-00,2025-01-03,1050000,1.0,2007,78,4.0,1050000,13461.538461538461,2025,2025-01-01,Karmiel,Apartment in building
019023-0006-012-00,2025-01-08,2400000,1.0,2000,122,5.0,2400000,19672.131147540982,2025,2025-01-01,Karmiel,Apartment in building
019873-0052-028-00,2025-01-13,1850000,1.0,2016,120,3.0,1850000,15416.666666666666,2025,2025-01-01,Karmiel,Apartment in building
019873-0052-099-00,2025-01-16,1730000,1.0,2014,96,3.0,1730000,18020.833333333332,2025,2025-01-01,Karmiel,Apartment in building
021176-0046-000-00,2025-01-22,1065000,0.5,2020,186,5.0,1065000,5725.806451612903,2025,2025-01-01,Karmiel,Apartment in building
019070-0026-010-00,2025-02-09,1305000,1.0,1992,93,4.0,1305000,14032.258064516129,2025,2025-02-01,Karmiel,Apartment in building
019072-0005-062-00,2025-02-11,1400000,1.0,1999,92,3.0,1400000,15217.391304347826,2025,2025-02-01,Karmiel,Apartment in building
019022-0029-024-00,2025-01-13,1800000,1.0,1993,144,5.0,1800000,12500.0,2025,2025-01-01,Karmiel,Apartment in building
019023-0085-000-00,2025-01-14,2900000,1.0,2020,160,5.0,2900000,18125.0,2025,2025-01-01,Karmiel,Apartment in building
019003-0019-033-00,2025-01-16,780000,1.0,1970,45,3.0,780000,17333.333333333332,2025,2025-01-01,Karmiel,Apartment in building
019067-0199-006-00,2025-01-19,1325000,1.0,1995,85,3.0,1325000,15588.235294117647,2025,2025-01-01,Karmiel,Apartment in building
021176-0042-014-00,2025-01-19,2973000,1.0,2024,167,5.0,2973000,17802.395209580838,2025,2025-01-01,Karmiel,Apartment in building
021176-0042-013-00,2025-01-19,2953000,1.0,2024,160,5.0,2953000,18456.25,2025,2025-01-01,Karmiel,Apartment in building
019022-0057-002-00,2025-01-28,2850000,1.0,1992,163,5.0,2850000,17484.662576687115,2025,2025-01-01,Karmiel,Two-family cottage
019061-0002-008-00,2025-01-30,1050000,1.0,1985,71,3.0,1050000,14788.732394366198,2025,2025-01-01,Karmiel,Apartment in building
019872-0017-060-00,2025-01-30,1510000,1.0,1999,99,4.0,1510000,15252.525252525253,2025,2025-01-01,Karmiel,Apartment in building
018988-0203-027-00,2025-01-20,950000,1.0,1970,60,3.0,950000,15833.333333333334,2025,2025-01-01,Karmiel,Apartment in building
019872-0017-146-00,2025-01-24,2330000,1.0,2007,96,4.0,2330000,24270.833333333332,2025,2025-01-01,Karmiel,Apartment in building
019069-0012-018-00,2025-01-26,1400000,1.0,1993,110,6.0,1400000,12727.272727272728,2025,2025-01-01,Karmiel,Apartment in building
019062-0012-055-00,2025-01-28,900000,1.0,1970,71,3.0,900000,12676.05633802817,2025,2025-01-01,Karmiel,Apartment in building
018998-0011-005-00,2025-01-30,341666,0.333,1960,67,3.0,341666,5099.492537313433,2025,2025-01-01,Karmiel,Apartment in building
019003-0003-002-00,2025-02-04,375000,0.5,1960,67,3.0,375000,5597.014925373134,2025,2025-02-01,Karmiel,Apartment in building
019949-0051-000-00,2025-02-04,2625000,1.0,2004,130,5.0,2625000,20192.30769230769,2025,2025-02-01,Karmiel,Apartment in building
019871-0008-039-00,2025-01-30,2670000,1.0,2014,160,5.0,2670000,16687.5,2025,2025-01-01,Karmiel,Apartment in building
019067-0178-042-00,2025-01-30,590000,0.5,2000,85,3.0,590000,6941.176470588235,2025,2025-01-01,Karmiel,Apartment in building
019067-0178-042-00,2025-01-30,147500,0.125,2000,85,3.0,147500,1735.2941176470588,2025,2025-01-01,Karmiel,Apartment in building
019067-0178-042-00,2025-01-30,1180000,0.125,2000,85,3.0,1180000,13882.35294117647,2025,2025-01-01,Karmiel,Apartment in building
019067-0178-042-00,2025-01-30,295000,0.25,2000,85,3.0,295000,3470.5882352941176,2025,2025-01-01,Karmiel,Apartment in building
018965-0011-005-00,2025-02-01,2100000,1.0,2007,133,5.0,2100000,15789.473684210527,2025,2025-02-01,Karmiel,Apartment in building
019023-0010-004-00,2025-02-02,1500000,1.0,1992,120,5.0,1500000,12500.0,2025,2025-02-01,Karmiel,Apartment in building
021176-0047-000-00,2025-01-16,1675000,1.0,2019,78,3.0,1675000,21474.358974358973,2025,2025-01-01,Karmiel,Apartment in building
019873-0052-002-00,2025-01-19,2280000,1.0,2018,158,4.0,2280000,14430.379746835442,2025,2025-01-01,Karmiel,Apartment in building
018997-0022-002-00,2025-01-22,1250000,1.0,1980,99,3.0,1250000,12626.262626262625,2025,2025-01-01,Karmiel,Apartment in building
018987-0405-000-00,2025-02-03,1025000,1.0,1995,72,3.0,1025000,14236.111111111111,2025,2025-02-01,Karmiel,Apartment in building
018988-0273-050-00,2025-02-04,1170000,1.0,1980,86,4.0,1170000,13604.651162790698,2025,2025-02-01,Karmiel,Apartment in building
019067-0178-047-00,2025-02-02,1340000,1.0,2000,79,3.0,1340000,16962.025316455696,2025,2025-02-01,Karmiel,Apartment in building
019062-0026-017-00,2025-02-06,920000,1.0,1970,58,3.0,920000,15862.068965517241,2025,2025-02-01,Karmiel,Apartment in building
019003-0031-039-00,2025-02-12,719000,1.0,1970,55,3.0,719000,13072.727272727272,2025,2025-02-01,Karmiel,Apartment in building
019061-0011-006-00,2025-01-29,937500,0.5,1980,195,4.5,937500,4807.692307692308,2025,2025-01-01,Karmiel,Apartment in building
018999-0026-015-00,2025-02-03,893000,1.0,1980,60,3.0,893000,14883.333333333334,2025,2025-02-01,Karmiel,Apartment in building
019874-0009-013-00,2025-01-19,1500000,1.0,2000,98,3.0,1500000,15306.122448979591,2025,2025-01-01,Karmiel,Apartment in building
019873-0005-045-00,2025-01-12,1320000,1.0,1999,110,4.0,1320000,12000.0,2025,2025-01-01,Karmiel,Apartment in building
018987-0378-000-00,2025-01-14,1100000,1.0,1990,105,3.0,1100000,10476.190476190477,2025,2025-01-01,Karmiel,Apartment in building
019872-0005-000-00,2025-01-13,1200000,1.0,1998,94,3.0,1200000,12765.95744680851,2025,2025-01-01,Karmiel,Apartment in building
019002-0008-012-00,2025-01-20,380000,0.5,1980,52,3.0,380000,7307.692307692308,2025,2025-01-01,Karmiel,Apartment in building
019872-0013-022-00,2025-02-09,1475000,1.0,2000,85,3.0,1475000,17352.941176470587,2025,2025-02-01,Karmiel,Apartment in building
019003-0031-047-00,2025-01-06,750000,1.0,1960,53,3.0,750000,14150.943396226416,2025,2025-01-01,Karmiel,Apartment in building
018963-0026-000-00,2025-01-21,2992000,1.0,1980,300,8.0,2992000,9973.333333333334,2025,2025-01-01,Karmiel,Detached house
019066-0059-001-00,2025-02-03,2070000,1.0,1993,151,5.0,2070000,13708.609271523179,2025,2025-02-01,Karmiel,Two-family cottage
018983-0440-000-00,2025-02-12,887500,0.25,1970,354,10.0,887500,2507.062146892655,2025,2025-02-01,Karmiel,Detached house
019003-0062-001-00,2025-01-20,790000,0.5,1970,96,4.0,790000,8229.166666666666,2025,2025-01-01,Karmiel,Apartment in building
019003-0062-001-00,2025-01-20,395000,0.25,1970,96,4.0,395000,4114.583333333333,2025,2025-01-01,Karmiel,Apartment in building
019876-0013-031-00,2025-02-05,800000,1.0,1980,73,3.0,800000,10958.90410958904,2025,2025-02-01,Karmiel,Apartment in building
018999-0011-006-00,2025-01-29,1140000,1.0,1960,85,3.0,1140000,13411.764705882353,2025,2025-01-01,Karmiel,Apartment in building
019071-0033-031-00,2025-02-06,1550000,1.0,2013,93,4.0,1550000,16666.666666666668,2025,2025-02-01,Karmiel,Apartment in building
